City_ID,City,Lat,Lng,Max Temp,Humidity,Cloudiness,Wind Speed,Country,Date
0,Upernavik,72.7868,-56.1549,45.52,74,100,3.76,GL,2022-07-19 20:41:26
1,Srednekolymsk,67.45,153.6833,43.86,57,100,8.55,RU,2022-07-19 20:41:27
2,Hermanus,-34.4187,19.2345,53.19,75,29,5.1,ZA,2022-07-19 20:41:27
3,Lasa,46.6166,10.7002,79.68,89,23,2.42,IT,2022-07-19 20:41:27
4,Rikitea,-23.1203,-134.9692,74.05,74,0,9.78,PF,2022-07-19 20:41:28
5,Los Andes,-32.8337,-70.5983,63.77,42,0,1.81,CL,2022-07-19 20:41:28
6,Hithadhoo,-0.6,73.0833,80.44,74,100,10.96,MV,2022-07-19 20:36:59
7,Bredasdorp,-34.5322,20.0403,46.76,88,11,3.62,ZA,2022-07-19 20:36:01
8,Sioux Lookout,50.1001,-91.917,75.27,78,75,6.91,CA,2022-07-19 20:41:29
9,Hobart,-42.8794,147.3294,38.05,91,20,2.3,AU,2022-07-19 20:37:06
10,Vestmannaeyjar,63.4427,-20.2734,52.83,85,100,6.93,IS,2022-07-19 20:41:29
11,Cayenne,4.9333,-52.3333,82.09,1,75,3.44,GF,2022-07-19 20:35:50
12,Bilma,18.6853,12.9164,94.15,14,5,6.85,NE,2022-07-19 20:41:30
13,Leningradskiy,69.3833,178.4167,34.99,94,100,16.71,RU,2022-07-19 20:41:30
14,Punta Arenas,-53.15,-70.9167,42.12,75,85,20.42,CL,2022-07-19 20:38:03
15,Iqaluit,63.7506,-68.5145,38.93,100,100,5.75,CA,2022-07-19 20:41:31
16,Mahebourg,-20.4081,57.7,70.25,68,36,24.67,MU,2022-07-19 20:41:31
17,Kupang,-10.1667,123.5833,71.01,80,20,11.39,ID,2022-07-19 20:41:31
18,Lompoc,34.6391,-120.4579,83.84,59,0,14.97,US,2022-07-19 20:41:32
19,Vicuna,-30.0319,-70.7081,47.93,27,0,1.61,CL,2022-07-19 20:41:32
20,Ancud,-41.8697,-73.8203,52.23,96,100,24.67,CL,2022-07-19 20:41:32
21,Nurota,40.5614,65.6886,82.87,24,0,18.99,UZ,2022-07-19 20:41:33
22,Mataura,-46.1927,168.8643,40.48,86,92,3.13,NZ,2022-07-19 20:41:33
23,Jamestown,42.097,-79.2353,87.03,55,0,17.27,US,2022-07-19 20:37:00
24,Ankang,32.68,109.0172,64.78,94,60,1.1,CN,2022-07-19 20:39:12
25,Kuusamo,65.9667,29.1833,55.44,88,0,6.91,FI,2022-07-19 20:41:34
26,Lorengau,-2.0226,147.2712,78.94,82,100,3.85,PG,2022-07-19 20:41:34
27,San Fernando,15.0286,120.6898,80.33,91,49,3.49,PH,2022-07-19 20:41:35
28,Odienne,9.51,-7.5692,69.26,94,100,3.85,CI,2022-07-19 20:41:35
29,Longyearbyen,78.2186,15.6401,53.44,76,75,13.8,SJ,2022-07-19 20:41:35
30,Khatanga,71.9667,102.5,42.64,61,100,16.93,RU,2022-07-19 20:41:36
31,Vao,-22.6667,167.4833,73.89,89,96,14.97,NC,2022-07-19 20:41:36
32,Flinders,-34.5833,150.8552,51.19,89,64,5.99,AU,2022-07-19 20:37:03
33,Bluff,-46.6,168.3333,40.8,72,89,12.97,NZ,2022-07-19 20:41:37
34,Avera,33.194,-82.5271,89.65,44,80,7.25,US,2022-07-19 20:41:37
35,Severo-Kurilsk,50.6789,156.125,52.61,95,100,13.67,RU,2022-07-19 20:41:37
36,Ushuaia,-54.8,-68.3,33.21,95,100,7.38,AR,2022-07-19 20:41:38
37,Shache,38.4167,77.2406,80.71,21,0,10.94,CN,2022-07-19 20:41:38
38,Uni,57.7535,51.4923,55.2,96,27,13.18,RU,2022-07-19 20:41:38
39,Vaini,-21.2,-175.2,73.56,94,40,11.5,TO,2022-07-19 20:41:39
40,Hasaki,35.7333,140.8333,77.4,93,65,5.66,JP,2022-07-19 20:39:15
41,Olafsvik,64.8945,-23.7142,52.41,78,83,10.45,IS,2022-07-19 20:41:39
42,Hilo,19.7297,-155.09,85.28,85,100,8.05,US,2022-07-19 20:41:40
43,Esperance,-33.8667,121.9,53.15,90,94,12.26,AU,2022-07-19 20:41:40
44,Port Pirie,-33.1833,138.0167,39.99,74,99,7.7,AU,2022-07-19 20:41:40
45,Palora,-1.7,-77.9333,78.91,77,98,0.54,EC,2022-07-19 20:42:41
46,Busselton,-33.65,115.3333,58.93,81,100,13.18,AU,2022-07-19 20:37:01
47,Kieta,-6.2167,155.6333,78.89,80,46,3.13,PG,2022-07-19 20:42:41
48,Bethel,41.3712,-73.414,92.01,51,0,6.91,US,2022-07-19 20:42:41
49,Cabo San Lucas,22.8909,-109.9124,93.61,67,20,5.01,MX,2022-07-19 20:38:04
50,Santa Catalina,9.3337,122.8637,77.41,84,82,2.48,PH,2022-07-19 20:42:42
51,Torbay,47.6666,-52.7314,68.88,87,100,17.27,CA,2022-07-19 20:42:42
52,Goderich,43.7501,-81.7165,84.52,54,70,4.61,CA,2022-07-19 20:41:04
53,Hibbing,47.4272,-92.9377,80.11,38,100,11.5,US,2022-07-19 20:42:43
54,Henties Bay,-22.116,14.2845,55.62,89,0,9.6,NA,2022-07-19 20:42:43
55,Tezu,27.9167,96.1667,75.83,99,100,2.35,IN,2022-07-19 20:42:43
56,Linqing,36.8456,115.7117,72.93,76,100,6.24,CN,2022-07-19 20:42:44
57,Guerrero Negro,27.9769,-114.0611,84.42,41,64,13.29,MX,2022-07-19 20:40:05
58,Muros,42.7762,-9.0603,67.08,89,34,4.83,ES,2022-07-19 20:42:44
59,Cape Town,-33.9258,18.4232,54.91,82,20,8.05,ZA,2022-07-19 20:42:45
60,Dikson,73.5069,80.5464,48.25,80,60,9.31,RU,2022-07-19 20:37:07
61,Port Alfred,-33.5906,26.891,61.18,91,92,1.99,ZA,2022-07-19 20:42:45
62,Mar Del Plata,-38.0023,-57.5575,55.42,57,0,11.99,AR,2022-07-19 20:42:46
63,Lavrentiya,65.5833,-171.0,42.44,65,100,1.77,RU,2022-07-19 20:42:46
64,Albany,42.6001,-73.9662,90.57,45,95,1.99,US,2022-07-19 20:41:15
65,Estacion Coahuila,32.1939,-115.0017,107.51,20,79,7.58,MX,2022-07-19 20:42:46
66,New Norfolk,-42.7826,147.0587,37.71,87,4,2.82,AU,2022-07-19 20:37:06
67,Carnarvon,-24.8667,113.6333,64.38,45,45,5.46,AU,2022-07-19 20:37:05
68,Blagoyevo,63.3667,47.9167,61.54,97,100,10.13,RU,2022-07-19 20:42:48
69,Qaanaaq,77.484,-69.3632,43.54,67,28,3.49,GL,2022-07-19 20:42:48
70,Kapaa,22.0752,-159.319,82.72,74,40,18.41,US,2022-07-19 20:42:04
71,Luoyang,34.6836,112.4536,68.41,94,100,3.2,CN,2022-07-19 20:38:19
72,Butaritari,3.0707,172.7902,82.02,77,81,16.11,KI,2022-07-19 20:42:49
73,Vardo,70.3705,31.1107,53.58,100,75,3.44,NO,2022-07-19 20:42:49
74,La Garriga,41.6833,2.2833,82.35,64,0,3.11,ES,2022-07-19 20:42:49
75,Pokhara,28.2333,83.9833,73.74,87,99,1.83,NP,2022-07-19 20:42:50
76,Kavieng,-2.5744,150.7967,81.64,76,100,9.33,PG,2022-07-19 20:42:50
77,Mumford,5.2618,-0.759,73.89,80,73,8.12,GH,2022-07-19 20:42:50
78,Krasnoselkup,65.7,82.4667,56.53,64,100,7.61,RU,2022-07-19 20:42:51
79,Ponta Do Sol,32.6667,-17.1,73.0,77,4,6.73,PT,2022-07-19 20:42:51
80,Clyde River,70.4692,-68.5914,35.83,100,100,6.91,CA,2022-07-19 20:41:09
81,Pisco,-13.7,-76.2167,64.02,77,0,10.36,PE,2022-07-19 20:42:52
82,Oussouye,12.485,-16.5469,78.98,87,88,12.1,SN,2022-07-19 20:42:52
83,Atuona,-9.8,-139.0333,78.53,62,8,11.9,PF,2022-07-19 20:42:53
84,Havoysund,70.9963,24.6622,53.83,93,84,7.07,NO,2022-07-19 20:42:53
85,Arraial Do Cabo,-22.9661,-42.0278,75.16,83,0,12.66,BR,2022-07-19 20:42:53
86,Ouegoa,-20.35,164.4333,75.76,84,12,7.07,NC,2022-07-19 20:42:54
87,Bambous Virieux,-20.3428,57.7575,70.21,73,40,23.02,MU,2022-07-19 20:43:54
88,Ipixuna,-1.7625,-48.8043,77.31,85,95,3.15,BR,2022-07-19 20:43:54
89,Arlit,18.7369,7.3853,85.93,41,98,16.89,NE,2022-07-19 20:43:55
90,Limbuhan,11.8838,124.0501,82.06,80,5,8.9,PH,2022-07-19 20:43:55
91,Lebu,-37.6167,-73.65,50.23,72,5,3.24,CL,2022-07-19 20:43:56
92,Los Llanos De Aridane,28.6585,-17.9182,72.12,81,0,17.27,ES,2022-07-19 20:43:56
93,Saskylakh,71.9167,114.0833,39.49,70,98,14.47,RU,2022-07-19 20:37:00
94,Progreso,21.2833,-89.6667,98.11,67,26,19.73,MX,2022-07-19 20:43:56
95,Auki,-8.7676,160.7034,78.55,78,45,3.2,SB,2022-07-19 20:43:57
96,Sao Filipe,14.8961,-24.4956,77.9,82,81,8.39,CV,2022-07-19 20:43:57
97,Shurugwi,-19.6702,30.0059,58.23,52,100,4.45,ZW,2022-07-19 20:43:58
98,Quatre Cocos,-20.2078,57.7625,70.09,68,38,23.98,MU,2022-07-19 20:43:58
99,Narsaq,60.9167,-46.05,57.42,93,100,3.47,GL,2022-07-19 20:43:58
100,San Pedro,14.35,121.0167,82.35,81,75,3.44,PH,2022-07-19 20:39:07
101,Saryg-Sep,51.5,95.6,45.5,81,47,2.91,RU,2022-07-19 20:43:59
102,East London,-33.0153,27.9116,65.05,80,17,15.28,ZA,2022-07-19 20:37:04
103,High Level,58.5169,-117.136,71.71,43,75,10.36,CA,2022-07-19 20:43:59
104,Iquique,-20.2208,-70.1431,59.04,76,100,6.4,CL,2022-07-19 20:42:38
105,Nanortalik,60.1432,-45.2371,47.8,93,100,10.29,GL,2022-07-19 20:44:00
106,Bengkulu,-3.8004,102.2655,76.32,92,72,4.85,ID,2022-07-19 20:44:00
107,Vila Franca Do Campo,37.7167,-25.4333,70.21,85,72,4.99,PT,2022-07-19 20:44:00
108,Orje,59.4802,11.6602,65.35,70,62,4.25,NO,2022-07-19 20:44:01
109,Krasnyy Luch,48.1395,38.9371,60.46,54,10,7.09,UA,2022-07-19 20:44:01
110,Bonfim,3.0833,-59.95,84.83,69,51,4.14,BR,2022-07-19 20:44:01
111,Tuatapere,-46.1333,167.6833,42.44,90,100,2.89,NZ,2022-07-19 20:44:02
112,Pilar,-9.5972,-35.9567,78.73,90,41,4.23,BR,2022-07-19 20:44:02
113,Asau,46.4333,26.4,69.28,53,94,2.64,RO,2022-07-19 20:44:03
114,Kamenka,51.3223,42.7678,57.63,71,67,5.64,RU,2022-07-19 20:44:03
115,Nouadhibou,20.931,-17.0347,67.98,94,26,19.57,MR,2022-07-19 20:44:04
116,Yerbogachen,61.2767,108.0108,60.17,79,79,6.29,RU,2022-07-19 20:44:04
117,Korla,41.7597,86.1469,74.84,40,100,10.0,CN,2022-07-19 20:39:13
118,Yablonovo,50.8523,37.3574,56.62,80,61,6.53,RU,2022-07-19 20:44:05
119,Bontang,0.1333,117.5,77.02,89,46,4.79,ID,2022-07-19 20:44:05
120,Broken Hill,-31.95,141.4333,43.16,66,100,11.54,AU,2022-07-19 20:44:05
121,Baherden,38.4362,57.4316,86.97,17,0,1.39,TM,2022-07-19 20:44:06
122,Katsuura,35.1333,140.3,78.57,90,80,8.05,JP,2022-07-19 20:44:06
123,Tuktoyaktuk,69.4541,-133.0374,50.0,93,100,10.36,CA,2022-07-19 20:44:07
124,Biloela,-24.4167,150.5,51.01,93,4,8.95,AU,2022-07-19 20:44:07
125,Mettlach,49.4935,6.5969,86.41,33,0,9.37,DE,2022-07-19 20:44:07
126,Nikolskoye,59.7035,30.7861,60.69,96,36,5.53,RU,2022-07-19 20:44:08
127,Norman Wells,65.282,-126.8329,68.04,49,75,13.8,CA,2022-07-19 20:44:08
128,Avarua,-21.2078,-159.775,75.25,69,75,6.91,CK,2022-07-19 20:42:02
129,Airai,-8.9266,125.4092,52.65,75,67,3.24,TL,2022-07-19 20:44:08
130,Tiksi,71.6872,128.8694,34.27,93,96,14.2,RU,2022-07-19 20:44:09
131,Burnie,-41.0667,145.9167,36.95,72,0,5.21,AU,2022-07-19 20:41:56
132,Rocky Mountain House,52.3668,-114.9188,72.86,65,12,11.79,CA,2022-07-19 20:44:09
133,Ilulissat,69.2167,-51.1,53.62,66,75,3.44,GL,2022-07-19 20:44:10
134,Rocha,-34.4833,-54.3333,46.02,83,0,5.95,UY,2022-07-19 20:39:47
135,Inongo,-1.95,18.2667,69.85,83,74,4.05,CD,2022-07-19 20:44:10
136,Lahaina,20.8783,-156.6825,80.6,71,5,14.38,US,2022-07-19 20:42:58
137,Manadhoo,5.7667,73.3833,81.28,79,91,17.96,MV,2022-07-19 20:45:11
138,Itaituba,-4.2761,-55.9836,91.56,58,40,5.75,BR,2022-07-19 20:45:11
139,Madras,13.0878,80.2785,85.98,88,75,9.22,IN,2022-07-19 20:42:59
140,Cockburn Town,21.4612,-71.1419,85.96,66,40,13.8,TC,2022-07-19 20:45:12
141,Talnakh,69.4865,88.3972,51.21,60,18,4.97,RU,2022-07-19 20:45:12
142,Clearwater,27.9659,-82.8001,93.02,67,40,13.0,US,2022-07-19 20:45:12
143,Samoded,63.6083,40.5111,60.58,97,100,8.57,RU,2022-07-19 20:45:13
144,Guatire,10.4762,-66.5427,85.69,62,13,4.74,VE,2022-07-19 20:45:13
145,Kaitangata,-46.2817,169.8464,43.86,79,97,6.51,NZ,2022-07-19 20:45:13
146,Lufilufi,-13.8745,-171.5986,82.18,78,37,23.33,WS,2022-07-19 20:45:14
147,Mosetse,-20.75,26.65,57.2,63,54,7.99,BW,2022-07-19 20:45:14
148,Chokurdakh,70.6333,147.9167,39.42,75,100,6.33,RU,2022-07-19 20:45:15
149,Ribeira Grande,38.5167,-28.7,73.8,94,40,6.91,PT,2022-07-19 20:37:11
150,Faya,18.3851,42.4509,67.53,52,100,7.9,SA,2022-07-19 20:37:01
151,Port Shepstone,-30.7414,30.455,65.05,40,0,7.27,ZA,2022-07-19 20:45:15
152,Luderitz,-26.6481,15.1594,58.15,67,0,17.94,NA,2022-07-19 20:43:18
153,Margate,51.3813,1.3862,74.14,62,23,17.09,GB,2022-07-19 20:45:16
154,Tasiilaq,65.6145,-37.6368,41.16,82,51,1.43,GL,2022-07-19 20:45:16
155,Palmer,42.1584,-72.3287,90.21,48,75,13.8,US,2022-07-19 20:43:07
156,Wanning,18.8003,110.3967,80.13,90,99,5.39,CN,2022-07-19 20:45:17
157,Beringovskiy,63.05,179.3167,53.96,81,100,9.57,RU,2022-07-19 20:45:17
158,Yellowknife,62.456,-114.3525,73.92,53,75,16.11,CA,2022-07-19 20:42:00
159,Miraflores,19.2167,-98.8083,79.45,44,39,4.59,MX,2022-07-19 20:45:18
160,Abu Kamal,34.4506,40.9171,95.04,11,0,8.68,SY,2022-07-19 20:45:18
161,Saint-Georges,12.0564,-61.7485,83.88,74,40,13.8,GD,2022-07-19 20:45:18
162,Listowel,52.4464,-9.485,60.51,87,35,12.1,IE,2022-07-19 20:45:19
163,Raudeberg,61.9875,5.1352,68.67,78,100,6.31,NO,2022-07-19 20:45:19
164,Springdale,36.1867,-94.1288,104.58,34,0,8.05,US,2022-07-19 20:43:09
165,Greenfield,42.9614,-88.0126,85.5,61,75,13.8,US,2022-07-19 20:45:06
166,Labuhan,-6.8844,112.2051,74.71,87,85,7.34,ID,2022-07-19 20:45:20
167,Miedzyrzec Podlaski,51.9864,22.7825,63.81,68,82,8.16,PL,2022-07-19 20:45:20
168,La Ronge,55.1001,-105.2842,71.82,73,75,5.75,CA,2022-07-19 20:45:20
169,Puerto Ayora,-0.7393,-90.3518,78.76,92,51,5.99,EC,2022-07-19 20:45:21
170,Kodiak,57.79,-152.4072,56.71,72,40,8.05,US,2022-07-19 20:45:21
171,Mporokoso,-9.3727,30.125,67.24,44,100,6.17,ZM,2022-07-19 20:45:21
172,Kibungo,-2.1597,30.5427,67.95,46,98,0.63,RW,2022-07-19 20:45:22
173,Zhanaozen,43.3,52.8,90.43,28,0,12.73,KZ,2022-07-19 20:45:22
174,Porto Nacional,-10.7081,-48.4172,89.6,30,0,2.89,BR,2022-07-19 20:45:22
175,Barrow,71.2906,-156.7887,46.42,66,0,12.66,US,2022-07-19 20:45:23
176,Solano,38.2333,-121.9511,98.53,31,0,23.02,US,2022-07-19 20:45:23
177,Eureka,40.8021,-124.1637,93.74,72,53,7.0,US,2022-07-19 20:41:18
178,Pangnirtung,66.1451,-65.7125,42.8,93,100,9.22,CA,2022-07-19 20:45:24
179,Alcudia,39.8532,3.1214,84.15,65,0,8.28,ES,2022-07-19 20:45:24
180,Gunnedah,-30.9833,150.25,41.07,89,0,6.82,AU,2022-07-19 20:45:24
181,Oranjemund,-28.55,16.4333,54.36,81,0,14.58,NA,2022-07-19 20:45:25
182,Boden,65.8252,21.6886,57.2,93,1,4.94,SE,2022-07-19 20:45:25
183,Brawley,32.9787,-115.5303,111.49,21,0,17.27,US,2022-07-19 20:45:25
184,Saint-Honore,48.5334,-71.0824,77.02,73,67,13.8,CA,2022-07-19 20:45:26
185,Shenjiamen,29.9576,122.298,77.41,95,100,13.69,CN,2022-07-19 20:46:26
186,Fairborn,39.8209,-84.0194,89.85,57,20,9.22,US,2022-07-19 20:44:09
187,San Quintin,30.4833,-115.95,76.33,62,74,13.98,MX,2022-07-19 20:46:27
188,Luganville,-15.5333,167.1667,79.81,83,61,9.62,VU,2022-07-19 20:46:27
189,Tura,25.5198,90.2201,74.41,98,100,6.17,IN,2022-07-19 20:46:28
190,Camargo,27.6667,-105.1667,97.79,15,2,6.69,MX,2022-07-19 20:46:28
191,Esso,55.9333,158.7,70.9,62,100,4.56,RU,2022-07-19 20:46:28
192,Dukat,62.55,155.55,56.32,95,100,8.32,RU,2022-07-19 20:46:29
193,Surt,31.2089,16.5887,80.06,66,0,9.4,LY,2022-07-19 20:46:29
194,Victoria,22.2855,114.1577,86.38,80,100,1.01,HK,2022-07-19 20:43:55
195,Pangai,-19.8,-174.35,77.2,78,0,22.19,TO,2022-07-19 20:46:29
196,Husavik,66.0449,-17.3389,48.79,91,100,8.28,IS,2022-07-19 20:46:30
197,Borborema,-21.6197,-49.0736,77.25,29,0,3.74,BR,2022-07-19 20:46:30
198,Meulaboh,4.1363,96.1285,75.38,86,94,3.58,ID,2022-07-19 20:46:30
199,Comodoro Rivadavia,-45.8667,-67.5,53.46,50,19,23.02,AR,2022-07-19 20:45:02
200,Minab,27.1467,57.0801,91.72,58,28,5.75,IR,2022-07-19 20:46:31
201,Georgetown,5.4112,100.3354,78.89,89,99,2.35,MY,2022-07-19 20:42:50
202,Arona,28.0996,-16.681,76.03,73,20,3.44,ES,2022-07-19 20:46:32
203,Sinnamary,5.3833,-52.95,79.47,82,85,9.98,GF,2022-07-19 20:36:58
204,Hami,42.8,93.45,77.27,28,96,11.07,CN,2022-07-19 20:46:32
205,Yatou,37.15,122.3833,75.07,83,100,3.13,CN,2022-07-19 20:46:32
206,San Carlos De Bariloche,-41.1456,-71.3082,46.15,76,40,32.21,AR,2022-07-19 20:46:33
207,Plast,54.3691,60.8136,64.31,88,97,12.17,RU,2022-07-19 20:46:33
208,Namibe,-15.1961,12.1522,61.68,87,54,2.15,AO,2022-07-19 20:46:34
209,Saint-Augustin,51.226,-58.6502,59.38,95,100,12.86,CA,2022-07-19 20:46:34
210,Lata,40.1629,-8.3327,60.55,86,0,3.69,PT,2022-07-19 20:46:34
211,Lagoa,39.05,-27.9833,70.54,93,1,12.08,PT,2022-07-19 20:44:37
212,Belaya Gora,68.5333,146.4167,42.01,74,100,6.91,RU,2022-07-19 20:46:35
213,Castro,-24.7911,-50.0119,63.19,81,1,0.89,BR,2022-07-19 20:46:35
214,Les Cayes,18.2,-73.75,84.11,68,32,12.12,HT,2022-07-19 20:46:36
215,Hay River,60.8156,-115.7999,73.38,49,75,12.66,CA,2022-07-19 20:43:13
216,Mashhad,36.297,59.6062,80.74,36,0,4.61,IR,2022-07-19 20:46:36
217,Khash,28.2211,61.2158,80.78,52,35,1.12,IR,2022-07-19 20:46:37
218,Chuy,-33.6971,-53.4616,47.34,81,0,5.55,UY,2022-07-19 20:44:29
219,Elko,41.0002,-115.5012,87.82,25,60,5.99,US,2022-07-19 20:46:37
220,Matara,5.9485,80.5353,77.81,88,86,10.0,LK,2022-07-19 20:46:37
221,Mugumu,-1.85,34.7,63.45,52,89,5.03,TZ,2022-07-19 20:46:38
222,Alofi,-19.0595,-169.9187,73.29,94,40,10.36,NU,2022-07-19 20:46:38
223,Ayan,56.45,138.1667,56.52,98,100,11.68,RU,2022-07-19 20:42:21
224,Ayr,55.4627,-4.6339,67.89,88,40,18.41,GB,2022-07-19 20:46:39
225,Valparaiso,-33.0393,-71.6273,68.23,45,0,8.05,CL,2022-07-19 20:46:39
226,Cherskiy,68.75,161.3,38.68,70,100,10.51,RU,2022-07-19 20:46:39
227,Fortuna,40.5982,-124.1573,63.99,68,31,7.61,US,2022-07-19 20:46:40
228,Ambanja,-13.6833,48.45,67.1,74,0,3.8,MG,2022-07-19 20:46:40
229,Tangshan,39.6333,118.1833,73.94,77,100,3.56,CN,2022-07-19 20:46:40
230,Namatanai,-3.6667,152.4333,78.71,77,100,5.19,PG,2022-07-19 20:46:41
231,Saint-Leu,-21.15,55.2833,65.68,67,28,3.06,RE,2022-07-19 20:47:41
232,Port Lincoln,-34.7333,135.8667,50.2,65,97,8.61,AU,2022-07-19 20:47:42
233,Lichinga,-13.3128,35.2406,57.29,82,0,9.22,MZ,2022-07-19 20:47:42
234,Balkhash,46.844,74.9804,71.98,46,0,3.29,KZ,2022-07-19 20:47:42
235,Pevek,69.7008,170.3133,32.27,97,100,14.45,RU,2022-07-19 20:44:30
236,Dingle,10.9995,122.6711,76.15,90,82,2.48,PH,2022-07-19 20:47:43
237,Leh,34.1667,77.5833,66.79,43,37,4.43,IN,2022-07-19 20:47:43
238,San Juan,-31.5375,-68.5364,62.69,23,0,5.75,AR,2022-07-19 20:45:23
239,Lamar,33.6668,-95.5836,108.64,35,0,16.11,US,2022-07-19 20:47:44
240,Vostok,46.4856,135.8833,61.34,95,77,1.66,RU,2022-07-19 20:47:44
241,Takoradi,4.8845,-1.7554,73.78,77,96,7.54,GH,2022-07-19 20:47:44
242,Pangoa,-12.1167,-73.0,81.86,57,33,4.65,PE,2022-07-19 20:47:45
243,Saldanha,-33.0117,17.9442,46.45,70,0,15.01,ZA,2022-07-19 20:47:45
244,Saint-Philippe,-21.3585,55.7679,66.22,78,43,20.65,RE,2022-07-19 20:47:46
245,Axim,4.8699,-2.2405,74.01,75,97,7.4,GH,2022-07-19 20:47:46
246,Abha,18.2164,42.5053,68.25,49,40,5.75,SA,2022-07-19 20:47:46
247,Mayo,38.8876,-76.5119,93.94,60,0,9.22,US,2022-07-19 20:47:28
248,Thompson,55.7435,-97.8558,84.36,39,75,11.5,CA,2022-07-19 20:45:38
249,Maldonado,-34.6667,-54.9167,54.79,75,1,6.13,UY,2022-07-19 20:47:47
250,Warrensburg,38.7628,-93.7361,98.56,37,0,11.5,US,2022-07-19 20:47:33
251,Ust-Kut,56.7938,105.7672,56.1,98,100,3.29,RU,2022-07-19 20:47:47
252,Kapoeta,4.7717,33.5903,78.24,58,90,5.46,SS,2022-07-19 20:47:48
253,Pangody,65.85,74.4859,60.6,56,100,8.59,RU,2022-07-19 20:47:48
254,Barcelona,41.3888,2.159,84.61,72,0,2.3,ES,2022-07-19 20:47:48
255,Coihaique,-45.5752,-72.0662,40.95,87,100,4.61,CL,2022-07-19 20:45:46
256,College,64.8569,-147.8028,55.38,80,75,6.91,US,2022-07-19 20:47:49
257,Komsomolskiy,40.4272,71.7189,79.45,19,0,5.17,UZ,2022-07-19 20:47:49
258,Sokna,60.24,9.9235,61.52,79,96,2.95,NO,2022-07-19 20:47:50
259,Pitimbu,-7.4706,-34.8086,79.39,80,10,12.95,BR,2022-07-19 20:47:50
260,Montlucon,46.3333,2.6,76.69,72,7,1.01,FR,2022-07-19 20:47:51
261,Ligayan,4.6533,119.4706,82.87,75,71,6.91,PH,2022-07-19 20:47:51
262,Bac Lieu,9.285,105.7244,80.02,86,100,9.17,VN,2022-07-19 20:44:43
263,Sur,22.5667,59.5289,84.6,80,99,9.35,OM,2022-07-19 20:47:52
264,Lalmohan,22.3384,90.7419,82.67,83,100,13.04,BD,2022-07-19 20:47:52
265,Martil,35.6166,-5.2752,75.16,78,0,3.44,MA,2022-07-19 20:47:52
266,Mehamn,71.0357,27.8492,53.55,94,75,6.91,NO,2022-07-19 20:47:53
267,Leirvik,59.7798,5.5005,71.85,65,100,10.2,NO,2022-07-19 20:45:17
268,Tautira,-17.7333,-149.15,76.28,68,14,3.18,PF,2022-07-19 20:47:53
269,Zabid,14.1951,43.3152,89.04,45,100,7.31,YE,2022-07-19 20:47:53
270,Obihiro,42.9172,143.2044,64.51,99,100,1.07,JP,2022-07-19 20:47:54
271,Bandarbeyla,9.4942,50.8122,75.25,82,36,34.36,SO,2022-07-19 20:47:54
272,Hambantota,6.1241,81.1185,78.19,86,83,12.53,LK,2022-07-19 20:47:55
273,Saint-Joseph,-21.3667,55.6167,66.58,75,23,18.86,RE,2022-07-19 20:45:50
274,Aquiraz,-3.9014,-38.3911,86.09,83,48,8.61,BR,2022-07-19 20:48:10
275,Katherine,-14.4667,132.2667,59.32,77,55,5.75,AU,2022-07-19 20:48:55
276,Mian Channun,30.44,72.3543,93.67,53,1,6.33,PK,2022-07-19 20:44:28
277,Teknaf,20.8624,92.3058,80.4,88,100,3.06,BD,2022-07-19 20:48:56
278,Katobu,-4.9408,122.5276,74.01,94,99,4.38,ID,2022-07-19 20:47:00
279,Beloha,-25.1667,45.05,65.23,52,0,12.62,MG,2022-07-19 20:47:18
280,Cowra,-33.8333,148.6833,41.2,90,8,8.28,AU,2022-07-19 20:48:57
281,Goure,13.9835,10.2704,84.02,41,71,9.13,NE,2022-07-19 20:48:57
282,Quixeramobim,-5.1992,-39.2928,83.79,44,52,3.06,BR,2022-07-19 20:48:57
283,Den Helder,52.9599,4.7593,84.02,55,2,5.99,NL,2022-07-19 20:48:58
284,Atbasar,51.8,68.3333,71.2,39,93,8.88,KZ,2022-07-19 20:48:58
285,Fukue,32.6881,128.8419,78.48,93,100,6.62,JP,2022-07-19 20:48:58
286,Jurm,36.8648,70.8342,71.08,28,0,1.23,AF,2022-07-19 20:48:59
287,Sesheke,-17.4759,24.2968,55.85,48,9,4.18,ZM,2022-07-19 20:48:59
288,Adre,13.4667,22.2,76.89,69,99,6.91,TD,2022-07-19 20:48:59
289,Rathdrum,47.8137,-116.892,86.22,33,0,4.61,US,2022-07-19 20:45:35
290,Chernihiv,51.0,32.0,61.61,81,100,5.57,UA,2022-07-19 20:49:00
291,Ko Samui,9.5357,99.9357,82.38,78,100,14.2,TH,2022-07-19 20:49:00
292,Ketchikan,55.3422,-131.6461,61.27,63,100,0.0,US,2022-07-19 20:48:21
293,San Patricio,28.017,-97.5169,98.55,43,0,20.24,US,2022-07-19 20:49:01
294,Yar-Sale,66.8333,70.8333,60.37,65,61,7.05,RU,2022-07-19 20:49:01
295,Cidreira,-30.1811,-50.2056,57.63,83,75,7.11,BR,2022-07-19 20:49:02
296,Abengourou,6.7297,-3.4964,69.98,91,97,3.74,CI,2022-07-19 20:49:02
297,Fort Pierce,27.4467,-80.3256,92.05,70,0,17.27,US,2022-07-19 20:45:11
298,Ivybridge,50.3904,-3.9191,67.68,85,12,12.44,GB,2022-07-19 20:49:02
299,Kitob,39.0843,66.8332,80.31,24,0,13.6,UZ,2022-07-19 20:49:03
300,Acajutla,13.5928,-89.8275,85.5,73,100,5.23,SV,2022-07-19 20:49:03
301,Ust-Nera,64.5667,143.2,70.5,62,37,2.15,RU,2022-07-19 20:49:04
302,Vinhedo,-23.0297,-46.9753,81.64,36,20,4.61,BR,2022-07-19 20:47:24
303,Srandakan,-7.9386,110.2506,72.1,91,59,3.71,ID,2022-07-19 20:49:04
304,Touros,-5.1989,-35.4608,76.37,79,18,16.06,BR,2022-07-19 20:49:05
305,Padang,-0.9492,100.3543,77.05,88,73,2.55,ID,2022-07-19 20:49:05
306,Constitucion,-35.3333,-72.4167,54.7,67,5,9.51,CL,2022-07-19 20:48:10
307,Empalme,27.9667,-110.8167,95.34,57,57,8.14,MX,2022-07-19 20:49:06
308,Vadso,70.0744,29.7487,58.08,82,0,12.66,NO,2022-07-19 20:49:06
309,Chapais,49.7834,-74.8492,67.78,62,99,10.65,CA,2022-07-19 20:49:07
310,Akyab,20.15,92.9,81.66,85,100,4.9,MM,2022-07-19 20:49:07
311,Campbell River,50.0163,-125.2446,74.59,64,75,0.0,CA,2022-07-19 20:44:27
312,Pangkalanbuun,-2.6833,111.6167,73.49,99,67,2.44,ID,2022-07-19 20:49:07
313,Xai-Xai,-25.0519,33.6442,68.72,84,27,10.45,MZ,2022-07-19 20:49:08
314,Saint Anthony,45.0205,-93.218,87.69,49,100,17.27,US,2022-07-19 20:49:08
315,Kindu,-2.95,25.95,70.63,83,81,2.62,CD,2022-07-19 20:49:08
316,Taksimo,56.3444,114.8794,61.52,84,54,1.81,RU,2022-07-19 20:49:09
317,Arroyo,41.6096,-4.7969,81.59,36,0,8.14,ES,2022-07-19 20:49:09
318,Geraldton,-28.7667,114.6,55.81,88,100,3.44,AU,2022-07-19 20:49:10
319,Thunder Bay,48.4001,-89.3168,60.78,94,100,13.8,CA,2022-07-19 20:49:10
320,Klaksvik,62.2266,-6.589,52.72,94,90,12.75,FO,2022-07-19 20:49:10
321,Isla Mujeres,21.2311,-86.731,91.17,70,96,9.71,MX,2022-07-19 20:49:11
322,Gore,-46.1028,168.9436,41.34,87,92,4.5,NZ,2022-07-19 20:49:11
323,Ambovombe,-25.1667,46.0833,62.91,74,0,6.13,MG,2022-07-19 20:49:11
324,Duku,11.2361,4.9073,75.22,84,46,4.81,NG,2022-07-19 20:50:12
325,Mount Isa,-20.7333,139.5,55.17,47,0,5.75,AU,2022-07-19 20:50:12
326,Mandera,3.9366,41.867,78.42,48,87,22.75,KE,2022-07-19 20:50:12
327,Ixtapa,20.7,-105.2,87.22,72,99,5.99,MX,2022-07-19 20:50:13
328,Sorong,-0.8833,131.25,76.24,91,100,10.07,ID,2022-07-19 20:50:13
329,Manokwari,-0.8667,134.0833,77.43,82,98,3.0,ID,2022-07-19 20:49:21
330,San Sebastian,43.3128,-1.975,75.04,69,100,4.61,ES,2022-07-19 20:50:14
331,Port Hawkesbury,45.6169,-61.3485,72.91,92,75,18.41,CA,2022-07-19 20:50:14
332,Rosetta,31.4044,30.4164,77.95,80,0,9.95,EG,2022-07-19 20:50:14
333,Beroroha,-21.6667,45.1667,66.51,54,0,11.5,MG,2022-07-19 20:50:15
334,Salalah,17.0151,54.0924,76.33,98,100,6.69,OM,2022-07-19 20:50:15
335,Benevento,41.2179,14.7464,80.26,35,0,4.76,IT,2022-07-19 20:50:16
336,Westerland,54.9079,8.3033,73.42,78,2,11.5,DE,2022-07-19 20:49:03
337,Smithers,54.7804,-127.1743,61.12,55,75,6.91,CA,2022-07-19 20:47:07
338,Baruun-Urt,46.6806,113.2792,65.14,42,100,6.2,MN,2022-07-19 20:50:16
339,Maymyo,22.0333,96.4667,69.39,87,100,1.52,MM,2022-07-19 20:50:16
340,Lieksa,63.3167,30.0167,54.95,86,22,12.71,FI,2022-07-19 20:50:17
341,Khandagayty,50.7333,92.05,49.24,71,14,10.0,RU,2022-07-19 20:50:17
342,Portland,45.5234,-122.6762,85.98,51,20,8.05,US,2022-07-19 20:50:16
343,Sao Geraldo Do Araguaia,-6.4006,-48.555,86.22,35,59,1.14,BR,2022-07-19 20:48:01
344,Half Moon Bay,37.4636,-122.4286,89.89,66,20,21.85,US,2022-07-19 20:50:18
345,Nevesinje,43.2586,18.1133,68.86,45,0,8.12,BA,2022-07-19 20:50:18
346,Gulf Gate Estates,27.2517,-82.5147,91.98,58,1,7.0,US,2022-07-19 20:50:19
347,Brodokalmak,55.5748,62.082,69.91,98,100,6.31,RU,2022-07-19 20:50:19
348,Alice Springs,-23.7,133.8833,51.71,44,99,4.76,AU,2022-07-19 20:50:19
349,Cururupu,-1.8283,-44.8683,77.79,81,95,4.27,BR,2022-07-19 20:50:20
350,Gallipoli,40.4103,26.6708,70.7,65,4,18.14,TR,2022-07-19 20:50:20
351,Mutata,7.2441,-76.4356,83.28,84,100,3.87,CO,2022-07-19 20:50:20
352,Murakami,38.2333,139.4833,73.42,95,87,8.81,JP,2022-07-19 20:50:21
353,Fort Nelson,58.8053,-122.7002,72.99,33,75,17.27,CA,2022-07-19 20:45:33
354,Faanui,-16.4833,-151.75,77.63,68,14,7.07,PF,2022-07-19 20:50:21
355,Visby,57.6409,18.296,64.62,94,0,4.61,SE,2022-07-19 20:50:22
356,Alindao,5.0267,21.2088,69.51,98,100,3.31,CF,2022-07-19 20:50:22
357,Lebanon,36.2081,-86.2911,91.94,67,40,8.05,US,2022-07-19 20:45:30
358,Naze,28.3667,129.4833,79.72,87,100,14.52,JP,2022-07-19 20:50:23
359,Yining,29.0361,114.5636,76.68,96,94,2.77,CN,2022-07-19 20:50:23
360,Port Hardy,50.6996,-127.4199,62.78,72,40,11.5,CA,2022-07-19 20:50:23
361,Seguin,29.5688,-97.9647,105.4,32,0,12.66,US,2022-07-19 20:50:24
362,Duncan,34.5023,-97.9578,112.05,17,0,4.61,US,2022-07-19 20:45:33
363,Sisimiut,66.9395,-53.6735,48.42,78,100,1.12,GL,2022-07-19 20:50:24
364,Lakatoro,-16.0999,167.4164,79.83,80,42,10.76,VU,2022-07-19 20:50:25
365,Natal,-5.795,-35.2094,77.65,78,40,10.36,BR,2022-07-19 20:46:47
366,Ouadda,8.0777,22.4007,68.14,98,100,4.54,CF,2022-07-19 20:50:25
367,Port Blair,11.6667,92.75,78.84,94,75,0.0,IN,2022-07-19 20:50:25
368,Zharkent,44.1628,80.0,68.2,33,0,6.22,KZ,2022-07-19 20:50:26
369,Qaqortoq,60.7167,-46.0333,46.06,96,100,4.16,GL,2022-07-19 20:50:26
370,Otradnoye,59.7775,30.8181,60.85,96,43,5.48,RU,2022-07-19 20:50:27
371,Taltal,-25.4,-70.4833,63.45,65,26,5.35,CL,2022-07-19 20:48:14
372,Novoagansk,61.9449,76.6625,54.7,76,13,6.71,RU,2022-07-19 20:51:27
373,Isangel,-19.55,169.2667,77.52,85,13,9.06,VU,2022-07-19 20:51:27
374,Angouleme,45.65,0.15,70.75,88,83,4.97,FR,2022-07-19 20:51:28
375,Cagsiay,14.2167,121.75,81.91,80,43,5.61,PH,2022-07-19 20:51:28
376,Segou,13.4317,-6.2157,81.59,66,100,4.54,ML,2022-07-19 20:51:29
377,Kautokeino,69.0125,23.0412,51.69,86,100,13.89,NO,2022-07-19 20:51:29
378,Bam,29.106,58.357,92.53,9,29,8.72,IR,2022-07-19 20:51:29
379,Xining,36.6167,101.7667,47.26,82,1,3.13,CN,2022-07-19 20:51:30
380,Calvinia,-31.4707,19.776,43.68,84,0,3.31,ZA,2022-07-19 20:51:30
381,Maceio,-9.6658,-35.7353,80.04,69,40,10.36,BR,2022-07-19 20:48:39
382,Stillwater,36.1156,-97.0584,109.67,20,0,1.01,US,2022-07-19 20:51:31
383,Kyzyl-Suu,42.3414,78.0056,55.51,72,23,3.36,KG,2022-07-19 20:51:31
384,Semey,50.4111,80.2275,63.84,56,55,2.04,KZ,2022-07-19 20:51:31
385,Varna,43.2167,27.9167,65.88,89,0,4.61,BG,2022-07-19 20:51:32
386,Sao Joao Da Barra,-21.6403,-41.0511,77.09,86,47,13.67,BR,2022-07-19 20:51:32
387,Nichinan,31.6,131.3667,79.56,90,100,7.92,JP,2022-07-19 20:51:32
388,Nueva Guinea,11.6876,-84.4562,76.21,94,100,10.63,NI,2022-07-19 20:51:33
389,Ornskoldsvik,63.2909,18.7153,58.15,62,72,8.05,SE,2022-07-19 20:51:33
390,Los Alamos,35.8881,-106.307,94.59,26,100,4.61,US,2022-07-19 20:49:14
391,Tandil,-37.3217,-59.1332,52.68,45,20,9.51,AR,2022-07-19 20:48:32
392,Athabasca,54.7169,-113.2854,72.01,37,42,17.94,CA,2022-07-19 20:51:34
393,Adrar,20.5022,-10.0711,98.02,8,0,10.2,MR,2022-07-19 20:51:34
394,Nautanwa,27.4333,83.4167,80.35,86,86,5.59,IN,2022-07-19 20:51:35
395,Suntar,62.1444,117.6319,57.45,94,100,4.99,RU,2022-07-19 20:51:35
396,Domoni,-12.2569,44.5319,73.71,75,6,7.63,KM,2022-07-19 20:51:35
397,Nakhon Phanom,17.3333,104.4167,78.21,89,100,6.42,TH,2022-07-19 20:51:36
398,El Segundo,33.9192,-118.4165,103.42,70,20,13.8,US,2022-07-19 20:51:36
399,Provideniya,64.3833,-173.3,46.51,76,0,8.99,RU,2022-07-19 20:51:36
400,Mairana,-18.1167,-63.9333,61.66,79,94,3.89,BO,2022-07-19 20:51:37
401,Contamana,-7.3333,-75.0167,85.93,59,97,1.88,PE,2022-07-19 20:51:37
402,Boca Do Acre,-8.7522,-67.3978,92.82,33,30,3.15,BR,2022-07-19 20:51:37
403,Praia,14.9215,-23.5087,79.34,89,20,11.5,CV,2022-07-19 20:51:38
404,Olinda,-8.0089,-34.8553,78.53,73,40,14.97,BR,2022-07-19 20:51:38
405,Adamantina,-21.6853,-51.0725,76.96,28,0,3.58,BR,2022-07-19 20:51:39
406,Gat,31.61,34.7642,84.4,100,0,5.12,IL,2022-07-19 20:50:02
407,Westport,41.1415,-73.3579,94.28,50,0,11.5,US,2022-07-19 20:51:39
408,Iskateley,67.6803,53.1512,60.62,67,13,12.39,RU,2022-07-19 20:51:40
409,Nemuro,43.3236,145.575,60.1,90,100,7.27,JP,2022-07-19 20:51:40
410,Singaraja,-8.112,115.0882,75.61,78,28,2.73,ID,2022-07-19 20:51:10
411,Orzhytsya,49.7918,32.7012,58.51,82,12,3.62,UA,2022-07-19 20:51:41
412,Noboribetsu,42.4514,141.1731,66.83,97,100,3.74,JP,2022-07-19 20:51:41
413,Turangi,-39.0,175.9333,48.96,99,100,1.63,NZ,2022-07-19 20:51:42
414,Miranda,3.2499,-76.2281,84.33,56,96,1.01,CO,2022-07-19 20:51:42
415,Teguldet,57.3064,88.1667,53.17,98,83,6.67,RU,2022-07-19 20:52:42
416,Mocuba,-16.8392,36.9856,63.7,95,0,2.33,MZ,2022-07-19 20:52:43
417,Smoljan,43.0924,19.2286,51.28,65,0,1.28,ME,2022-07-19 20:52:43
418,Nome,64.5011,-165.4064,44.67,70,100,16.11,US,2022-07-19 20:48:32
419,Leshukonskoye,64.8989,45.7622,68.94,58,100,8.01,RU,2022-07-19 20:52:44
420,Lakes Entrance,-37.8811,147.981,43.63,70,98,5.19,AU,2022-07-19 20:52:44
421,Dogondoutchi,13.6393,4.0287,82.49,67,43,14.07,NE,2022-07-19 20:52:44
422,Sulphur,30.2366,-93.3774,94.98,63,0,12.66,US,2022-07-19 20:52:40
423,Omboue,-1.5746,9.2618,72.39,86,100,5.91,GA,2022-07-19 20:52:45
424,Itaporanga,-7.3044,-38.1503,79.9,47,17,13.15,BR,2022-07-19 20:52:45
425,Mana,5.6592,-53.7767,80.11,82,84,7.94,GF,2022-07-19 20:52:45
426,Sabla,12.7525,4.7077,79.05,74,10,8.88,NG,2022-07-19 20:52:46
427,Acari,-15.4311,-74.6158,70.45,63,31,7.36,PE,2022-07-19 20:52:46
428,Harper,4.375,-7.7169,74.19,72,90,7.02,LR,2022-07-19 20:51:08
429,Yulara,-25.2406,130.9889,48.02,53,0,9.8,AU,2022-07-19 20:52:47
430,Corinto,37.9407,22.9573,78.42,44,3,4.65,GR,2022-07-19 20:52:47
431,Lubumbashi,-11.6609,27.4794,61.36,48,26,2.66,CD,2022-07-19 20:52:47
432,Acapetahua,15.2833,-92.7,88.03,71,100,4.36,MX,2022-07-19 20:52:48
433,Dunedin,-45.8742,170.5036,44.2,86,99,7.11,NZ,2022-07-19 20:52:48
434,Port-Gentil,-0.7193,8.7815,75.16,83,40,9.22,GA,2022-07-19 20:52:49
435,Ust-Kuyga,70.0167,135.6,38.17,90,100,13.67,RU,2022-07-19 20:52:49
436,Banda Aceh,5.5577,95.3222,79.2,80,100,14.14,ID,2022-07-19 20:52:49
437,Itoman,26.1247,127.6694,84.97,85,20,11.5,JP,2022-07-19 20:50:59
438,Port Augusta,-32.5,137.7667,38.35,77,66,6.6,AU,2022-07-19 20:52:50
439,Te Anau,-45.4167,167.7167,40.53,98,100,3.91,NZ,2022-07-19 20:50:07
440,Makurdi,7.7411,8.5121,76.64,79,100,4.97,NG,2022-07-19 20:52:50
441,Santa Maria,-29.6842,-53.8069,54.7,76,100,6.91,BR,2022-07-19 20:52:51
442,Lowestoft,52.4752,1.7516,78.35,71,48,14.72,GB,2022-07-19 20:52:51
443,Grindavik,63.8424,-22.4338,55.35,87,0,11.5,IS,2022-07-19 20:52:51
444,Bethanien,-26.502,17.1583,50.9,68,1,8.05,NA,2022-07-19 20:52:52
445,Waingapu,-9.6567,120.2641,69.42,84,18,8.84,ID,2022-07-19 20:52:52
446,Yongzhou,26.4559,111.5988,78.35,90,98,4.27,CN,2022-07-19 20:52:52
447,Horta,38.5333,-28.6333,73.04,94,40,6.91,PT,2022-07-19 20:52:53
448,Sao Desiderio,-12.3633,-44.9733,78.46,34,3,6.11,BR,2022-07-19 20:52:53
449,Asekeyevo,53.5742,52.7972,57.78,92,6,5.23,RU,2022-07-19 20:52:54
450,Camacupa,-12.0167,17.4833,60.73,37,1,2.37,AO,2022-07-19 20:52:54
451,Zlobin,45.2924,14.6541,74.5,32,0,2.3,HR,2022-07-19 20:52:54
452,Tual,-5.6667,132.75,79.61,81,93,16.4,ID,2022-07-19 20:52:55
453,Neryungri,56.6709,124.6491,58.5,94,75,1.63,RU,2022-07-19 20:52:55
454,Wattegama,6.7989,81.4808,75.27,92,91,1.86,LK,2022-07-19 20:52:55
455,Okhotsk,59.3833,143.3,59.58,86,100,3.6,RU,2022-07-19 20:52:56
456,Krasnaya Polyana,56.242,51.1442,56.25,89,1,7.76,RU,2022-07-19 20:52:56
457,Broome,42.2506,-75.833,90.57,51,20,8.05,US,2022-07-19 20:52:56
458,Cintalapa,16.6951,-93.7272,83.75,70,89,7.31,MX,2022-07-19 20:52:57
459,Saint George,37.1041,-113.5841,105.8,18,0,6.91,US,2022-07-19 20:51:02
460,Koumac,-20.5667,164.2833,75.18,86,29,5.75,NC,2022-07-19 20:52:57
461,Tabuk,17.4189,121.4443,74.3,89,25,2.77,PH,2022-07-19 20:52:03
462,Araouane,18.9048,-3.5265,89.46,43,100,13.58,ML,2022-07-19 20:53:58
463,Kahului,20.8947,-156.47,80.62,65,40,20.71,US,2022-07-19 20:53:58
464,Veisiejai,54.1,23.7,59.58,93,56,5.97,LT,2022-07-19 20:53:58
465,Port Elizabeth,-33.918,25.5701,57.49,93,100,13.8,ZA,2022-07-19 20:53:46
466,Qui Nhon,13.7667,109.2333,78.85,85,100,3.8,VN,2022-07-19 20:53:59
467,Bay Roberts,47.5999,-53.2648,69.55,93,100,3.0,CA,2022-07-19 20:53:59
468,Caravelas,-17.7125,-39.2481,70.34,83,6,5.23,BR,2022-07-19 20:54:00
469,Shitanjing,39.2342,106.3439,63.01,61,2,6.08,CN,2022-07-19 20:54:00
470,Vikhorevka,56.1201,101.1636,56.79,85,82,3.6,RU,2022-07-19 20:54:00
471,Rio Grande,-32.035,-52.0986,59.11,82,0,6.44,BR,2022-07-19 20:53:20
472,Kiunga,-6.1219,141.2906,72.82,100,100,1.72,PG,2022-07-19 20:54:01
473,Hovd,48.0056,91.6419,55.96,61,93,2.51,MN,2022-07-19 20:54:01
474,Nhulunbuy,-12.2333,136.7667,68.61,94,100,3.44,AU,2022-07-19 20:54:02
475,Amga,60.8953,131.9608,68.16,70,44,2.95,RU,2022-07-19 20:54:02
476,Japura,-0.3167,102.35,73.51,98,48,2.8,ID,2022-07-19 20:54:02
477,Toila,59.4236,27.5025,61.61,71,7,20.2,EE,2022-07-19 20:54:03
478,Paamiut,61.994,-49.6678,44.04,98,100,0.65,GL,2022-07-19 20:54:03
479,Doha,25.2867,51.5333,94.89,61,0,6.91,QA,2022-07-19 20:51:56
480,Fairbanks,64.8378,-147.7164,55.4,80,75,6.91,US,2022-07-19 20:50:54
481,Xixiang,35.1628,112.865,69.26,95,100,3.6,CN,2022-07-19 20:54:04
482,Ugoofaaru,5.6667,73.0,81.68,77,100,18.3,MV,2022-07-19 20:54:05
483,Najran,17.4924,44.1277,77.65,37,100,7.7,SA,2022-07-19 20:54:05
484,Tokur,53.1333,132.9,49.93,99,100,3.85,RU,2022-07-19 20:54:05
485,Talca,-35.4333,-71.6667,52.79,78,5,5.95,CL,2022-07-19 20:50:21
486,Zhangjiakou,40.81,114.8794,68.27,41,99,1.9,CN,2022-07-19 20:54:06
487,Floro,61.5996,5.0328,73.47,60,100,13.8,NO,2022-07-19 20:54:06
488,Souillac,-20.5167,57.5167,68.38,73,40,23.02,MU,2022-07-19 20:54:07
489,Tyukalinsk,55.8732,72.1967,61.29,75,100,6.73,RU,2022-07-19 20:54:07
490,Ibimirim,-8.5406,-37.6903,70.14,81,37,13.53,BR,2022-07-19 20:54:07
491,Tambacounda,13.7539,-13.7586,91.45,55,20,6.91,SN,2022-07-19 20:54:08
492,Hamilton,39.1834,-84.5333,91.26,59,15,3.0,US,2022-07-19 20:54:08
493,Marawi,7.9986,124.2928,68.56,93,97,2.42,PH,2022-07-19 20:54:09
494,Lebyazhye,55.2689,66.4947,63.9,97,100,8.88,RU,2022-07-19 20:54:09
495,Otane,-39.8833,176.6333,53.01,87,100,3.09,NZ,2022-07-19 20:54:09
496,Moron,-34.6534,-58.6198,60.69,61,1,5.35,AR,2022-07-19 20:54:10
497,Arandis,-22.4167,14.9667,51.8,69,0,1.12,NA,2022-07-19 20:54:10
498,Mecca,21.4267,39.8261,93.49,18,78,6.69,SA,2022-07-19 20:54:11
499,Ovsyanka,55.9575,92.5519,56.37,97,53,5.66,RU,2022-07-19 20:54:11
500,Waipawa,-41.4122,175.5153,50.27,91,39,2.66,NZ,2022-07-19 20:54:11
501,Krasnokamsk,58.0802,55.7541,60.96,95,1,8.3,RU,2022-07-19 20:54:12
502,Kosh-Agach,50.0,88.6667,46.11,69,100,3.13,RU,2022-07-19 20:54:12
503,Caarapo,-22.6342,-54.8222,78.24,48,10,4.16,BR,2022-07-19 20:54:13
504,Kutum,14.2,24.6667,79.61,53,18,15.75,SD,2022-07-19 20:54:13
505,Izumo,35.3667,132.7667,73.35,95,80,6.15,JP,2022-07-19 20:54:13
506,Nelson Bay,-32.7167,152.15,53.01,62,100,7.36,AU,2022-07-19 20:54:14
507,Mitu,1.1983,-70.1733,75.63,96,99,1.23,CO,2022-07-19 20:49:40
508,Bathsheba,13.2167,-59.5167,84.81,89,75,16.11,BB,2022-07-19 20:55:14
509,Tecpan,14.7623,-90.9947,65.89,74,90,6.11,GT,2022-07-19 20:55:15
510,Narnaund,29.2167,76.15,92.21,56,80,4.09,IN,2022-07-19 20:55:15
511,Qasigiannguit,68.8193,-51.1922,44.13,82,98,3.89,GL,2022-07-19 20:55:15
512,Gariaband,20.635,82.0614,73.9,96,97,5.35,IN,2022-07-19 20:55:16
513,Tabas,33.5959,56.9244,89.64,17,0,9.13,IR,2022-07-19 20:55:16
514,Bilibino,68.0546,166.4372,38.89,67,63,2.28,RU,2022-07-19 20:55:17
515,Coquimbo,-29.9533,-71.3436,55.13,87,40,11.5,CL,2022-07-19 20:55:17
516,Tomatlan,19.9333,-105.25,90.55,54,100,7.4,MX,2022-07-19 20:55:17
517,Mattru,7.6244,-11.8332,71.64,93,100,2.68,SL,2022-07-19 20:55:18
518,Gornyak,50.9942,81.4661,53.2,87,6,1.43,RU,2022-07-19 20:55:18
519,Tianpeng,30.9866,103.9393,70.27,85,100,0.47,CN,2022-07-19 20:55:18
520,Miles City,46.4083,-105.8406,85.98,27,1,20.58,US,2022-07-19 20:55:19
521,Kalayaan,14.35,121.5667,74.25,91,40,4.72,PH,2022-07-19 20:55:19
522,Kattivakkam,13.2167,80.3167,86.09,88,60,11.65,IN,2022-07-19 20:55:20
523,Ostrovnoy,68.0531,39.5131,49.55,91,100,9.17,RU,2022-07-19 20:55:20
524,Luanda,-8.8368,13.2343,69.8,88,20,8.05,AO,2022-07-19 20:55:20
525,Marsh Harbour,26.5412,-77.0636,83.5,73,0,10.42,BS,2022-07-19 20:55:21
526,Laguna,38.421,-121.4238,103.32,18,0,1.99,US,2022-07-19 20:55:21
527,Gondar,12.6,37.4667,57.4,92,100,5.06,ET,2022-07-19 20:55:21
528,Pio Xii,-3.8325,-45.1525,79.63,67,78,2.28,BR,2022-07-19 20:55:22
529,Jian,27.1172,114.9793,78.33,88,64,4.74,CN,2022-07-19 20:55:22
530,Prince Rupert,54.3161,-130.3201,57.29,90,100,10.36,CA,2022-07-19 20:55:22
531,Aykhal,66.0,111.5,46.36,87,86,12.35,RU,2022-07-19 20:55:23
532,Kruisfontein,-34.0033,24.7314,52.88,89,100,14.23,ZA,2022-07-19 20:55:23
533,Port Keats,-14.25,129.55,66.63,73,75,3.18,AU,2022-07-19 20:55:23
534,Paredon,16.0333,-93.8667,86.92,68,84,4.07,MX,2022-07-19 20:55:24
535,Same,-4.0667,37.7333,61.48,92,67,2.73,TZ,2022-07-19 20:55:24
536,Ayagoz,47.9714,80.4392,57.02,54,7,2.75,KZ,2022-07-19 20:55:25
537,Lamu,-2.2717,40.902,71.82,76,72,17.34,KE,2022-07-19 20:55:25
538,Joshimath,30.5667,79.5667,71.98,94,93,0.16,IN,2022-07-19 20:55:25
539,Walvis Bay,-22.9575,14.5053,56.08,87,0,5.75,NA,2022-07-19 20:55:26
540,Puerto Colombia,10.9878,-74.9547,87.89,78,46,21.25,CO,2022-07-19 20:55:26
541,Hammerfest,70.6634,23.6821,50.47,93,70,3.53,NO,2022-07-19 20:55:26
542,Anadyr,64.75,177.4833,50.5,81,40,22.37,RU,2022-07-19 20:55:27
543,Shingu,33.7333,135.9833,76.35,87,88,5.66,JP,2022-07-19 20:55:27
544,Dwarka,22.2394,68.9678,81.59,84,87,17.6,IN,2022-07-19 20:55:27
545,Tocache,-8.1842,-76.5125,86.14,52,5,1.57,PE,2022-07-19 20:55:28
546,Pringsewu,-5.3582,104.9744,72.7,97,36,0.83,ID,2022-07-19 20:55:28
547,Antigonish,45.6169,-61.9986,73.15,90,100,7.0,CA,2022-07-19 20:55:29
548,Laguna De Perlas,12.3429,-83.6712,86.09,88,100,14.52,NI,2022-07-19 20:55:29
549,Roma,43.2128,-75.4557,87.82,62,20,13.8,US,2022-07-19 20:50:53
550,Khorixas,-20.3667,14.9667,58.28,46,0,4.25,NA,2022-07-19 20:55:29
551,Nadym,65.5333,72.5167,60.71,56,100,9.08,RU,2022-07-19 20:55:30
552,Kolyvan,55.3053,82.7391,53.22,88,91,4.85,RU,2022-07-19 20:55:30
