City_ID,City,Lat,Lng,Max Temp,Humidity,Cloudiness,Wind Speed,Country,Date,Description
0,Aguas Vermelhas,-15.7472,-41.46,56.28,98,21,2.39,BR,2022-07-20 05:34:22,few clouds
1,Adrar,20.5022,-10.0711,85.6,17,15,5.39,MR,2022-07-20 05:34:23,few clouds
2,Albany,42.6001,-73.9662,72.54,87,51,4.88,US,2022-07-20 05:32:08,broken clouds
3,Mataura,-46.1927,168.8643,43.48,84,97,2.39,NZ,2022-07-20 05:34:23,overcast clouds
4,Tiksi,71.6872,128.8694,34.14,95,100,13.06,RU,2022-07-20 05:34:24,overcast clouds
5,Kupang,-10.1667,123.5833,83.32,51,51,1.9,ID,2022-07-20 05:34:24,broken clouds
6,Osypenko,46.9136,36.8253,76.48,33,3,4.12,UA,2022-07-20 05:34:25,clear sky
7,Pisco,-13.7,-76.2167,60.85,88,100,4.61,PE,2022-07-20 05:34:25,mist
8,Bonavista,48.6499,-53.1147,60.39,99,100,16.58,CA,2022-07-20 05:34:26,light rain
9,Hobart,-42.8794,147.3294,49.26,67,20,5.75,AU,2022-07-20 05:34:26,few clouds
10,Puerto Ayora,-0.7393,-90.3518,67.55,99,51,7.0,EC,2022-07-20 05:34:26,broken clouds
11,Tecpan,14.7623,-90.9947,56.89,98,98,5.28,GT,2022-07-20 05:34:27,overcast clouds
12,Ca Mau,9.1769,105.15,83.05,78,100,9.06,VN,2022-07-20 05:34:27,heavy intensity rain
13,Ushuaia,-54.8,-68.3,37.06,87,75,13.8,AR,2022-07-20 05:34:28,broken clouds
14,Coquimbo,-29.9533,-71.3436,51.53,100,100,2.3,CL,2022-07-20 05:29:38,mist
15,Thompson,55.7435,-97.8558,69.96,68,75,0.0,CA,2022-07-20 05:33:25,broken clouds
16,Chuy,-33.6971,-53.4616,44.35,91,0,6.24,UY,2022-07-20 05:34:28,clear sky
17,Kruisfontein,-34.0033,24.7314,50.88,93,100,5.39,ZA,2022-07-20 05:34:29,moderate rain
18,Bengkulu,-3.8004,102.2655,84.81,67,78,8.77,ID,2022-07-20 05:34:29,broken clouds
19,Surt,31.2089,16.5887,78.62,67,0,4.09,LY,2022-07-20 05:34:29,clear sky
20,Tasiilaq,65.6145,-37.6368,37.56,92,87,6.62,GL,2022-07-20 05:34:30,overcast clouds
21,Tigil,57.8,158.6667,68.16,62,73,13.15,RU,2022-07-20 05:34:30,broken clouds
22,Rikitea,-23.1203,-134.9692,74.08,77,4,7.18,PF,2022-07-20 05:34:30,clear sky
23,Jamestown,42.097,-79.2353,74.79,86,0,0.0,US,2022-07-20 05:30:33,clear sky
24,Kapaa,22.0752,-159.319,82.38,83,40,17.27,US,2022-07-20 05:30:24,scattered clouds
25,Lomovka,53.9194,58.3672,65.08,62,65,12.1,RU,2022-07-20 05:34:31,broken clouds
26,Diofior,14.1833,-16.6667,80.33,78,81,15.82,SN,2022-07-20 05:34:31,broken clouds
27,Carnarvon,-24.8667,113.6333,76.87,46,61,15.59,AU,2022-07-20 05:34:32,broken clouds
28,Jumla,29.2747,82.1838,67.12,89,99,1.81,NP,2022-07-20 05:34:32,overcast clouds
29,Caravelas,-17.7125,-39.2481,68.4,93,10,1.99,BR,2022-07-20 05:31:02,clear sky
30,Mar Del Plata,-38.0023,-57.5575,45.09,82,0,10.36,AR,2022-07-20 05:29:36,clear sky
31,Mananara,-16.1667,49.7667,69.66,88,28,13.51,MG,2022-07-20 05:34:33,moderate rain
32,Balabac,7.9868,117.0645,85.75,68,7,7.52,PH,2022-07-20 05:34:34,clear sky
33,Avarua,-21.2078,-159.775,73.45,73,75,9.22,CK,2022-07-20 05:34:34,broken clouds
34,Los Llanos De Aridane,28.6585,-17.9182,65.95,83,0,13.8,ES,2022-07-20 05:34:34,clear sky
35,Khatanga,71.9667,102.5,54.3,40,86,21.07,RU,2022-07-20 05:34:35,overcast clouds
36,Klaksvik,62.2266,-6.589,52.72,96,91,9.46,FO,2022-07-20 05:34:35,overcast clouds
37,Chokurdakh,70.6333,147.9167,51.53,58,95,12.15,RU,2022-07-20 05:34:36,overcast clouds
38,Ulaangom,49.9811,92.0667,69.8,34,62,8.63,MN,2022-07-20 05:34:36,broken clouds
39,Narsaq,60.9167,-46.05,48.42,94,100,2.15,GL,2022-07-20 05:34:36,overcast clouds
40,Qaanaaq,77.484,-69.3632,37.98,82,55,2.46,GL,2022-07-20 05:34:37,broken clouds
41,Kodiak,57.79,-152.4072,54.91,76,100,4.61,US,2022-07-20 05:33:20,overcast clouds
42,Hithadhoo,-0.6,73.0833,81.16,74,82,5.66,MV,2022-07-20 05:35:37,broken clouds
43,Myre,69.1036,15.9492,57.02,82,83,10.09,NO,2022-07-20 05:35:38,broken clouds
44,Murchison,-41.8,172.3333,46.11,97,86,1.86,NZ,2022-07-20 05:35:38,overcast clouds
45,Popondetta,-8.7537,148.2534,85.82,58,78,5.7,PG,2022-07-20 05:35:39,broken clouds
46,Flin Flon,54.7682,-101.865,69.89,63,74,5.19,CA,2022-07-20 05:33:26,broken clouds
47,Busselton,-33.65,115.3333,65.28,68,85,18.37,AU,2022-07-20 05:35:39,overcast clouds
48,Vaini,-21.2,-175.2,73.56,100,20,11.5,TO,2022-07-20 05:35:39,few clouds
49,Una,20.8167,71.0333,84.15,76,94,17.11,IN,2022-07-20 05:35:40,overcast clouds
50,Whitefish,48.4111,-114.3376,66.99,60,0,0.0,US,2022-07-20 05:33:15,clear sky
51,Roald,62.5833,6.1333,72.52,88,40,12.66,NO,2022-07-20 05:35:40,scattered clouds
52,Yellowknife,62.456,-114.3525,63.12,82,40,10.36,CA,2022-07-20 05:35:41,scattered clouds
53,Ushtobe,45.2514,77.9838,88.95,13,0,5.06,KZ,2022-07-20 05:35:41,clear sky
54,Cape Town,-33.9258,18.4232,57.38,82,20,8.05,ZA,2022-07-20 05:31:52,few clouds
55,Alofi,-19.0595,-169.9187,75.09,78,10,16.11,NU,2022-07-20 05:35:41,clear sky
56,Igrim,63.1906,64.4162,74.5,41,72,7.11,RU,2022-07-20 05:35:42,broken clouds
57,Oranjemund,-28.55,16.4333,50.07,83,0,10.85,NA,2022-07-20 05:35:42,clear sky
58,San Patricio,28.017,-97.5169,85.89,82,0,17.11,US,2022-07-20 05:35:43,clear sky
59,Arraial Do Cabo,-22.9661,-42.0278,67.75,91,0,5.41,BR,2022-07-20 05:35:43,clear sky
60,Sitka,57.0531,-135.33,55.29,82,100,8.05,US,2022-07-20 05:35:43,haze
61,Whitianga,-36.8333,175.7,56.28,82,34,11.27,NZ,2022-07-20 05:35:44,light rain
62,Tuatapere,-46.1333,167.6833,42.73,85,97,2.17,NZ,2022-07-20 05:35:44,overcast clouds
63,Sisimiut,66.9395,-53.6735,45.7,86,92,2.86,GL,2022-07-20 05:35:44,overcast clouds
64,Nome,64.5011,-165.4064,46.47,71,100,5.75,US,2022-07-20 05:35:45,overcast clouds
65,Mutis,6.2262,-77.4044,77.97,89,100,5.32,CO,2022-07-20 05:35:45,moderate rain
66,Punta Arenas,-53.15,-70.9167,35.71,64,75,47.18,CL,2022-07-20 05:35:45,broken clouds
67,Pevek,69.7008,170.3133,32.07,98,100,14.12,RU,2022-07-20 05:35:46,overcast clouds
68,Georgetown,5.4112,100.3354,89.89,70,20,10.36,MY,2022-07-20 05:35:46,few clouds
69,Champasak,14.75,106.0,86.88,95,100,1.68,LA,2022-07-20 05:35:47,light rain
70,Bredasdorp,-34.5322,20.0403,44.49,88,9,2.86,ZA,2022-07-20 05:35:47,clear sky
71,Provideniya,64.3833,-173.3,50.36,66,0,11.18,RU,2022-07-20 05:30:57,clear sky
72,Ambilobe,-13.2,49.05,78.75,40,2,12.95,MG,2022-07-20 05:35:48,clear sky
73,Butaritari,3.0707,172.7902,81.93,79,90,12.84,KI,2022-07-20 05:35:48,overcast clouds
74,Castro,-24.7911,-50.0119,57.54,96,32,5.91,BR,2022-07-20 05:35:48,scattered clouds
75,Longyearbyen,78.2186,15.6401,48.04,87,75,8.05,SJ,2022-07-20 05:35:49,broken clouds
76,Miyang,24.4042,103.4428,77.68,81,99,5.08,CN,2022-07-20 05:35:49,moderate rain
77,Nanortalik,60.1432,-45.2371,46.65,97,100,10.2,GL,2022-07-20 05:35:50,overcast clouds
78,Lipin Bor,60.2622,37.9763,54.81,95,100,20.49,RU,2022-07-20 05:35:50,moderate rain
79,East London,-33.0153,27.9116,58.14,94,100,8.05,ZA,2022-07-20 05:35:50,light rain
80,Mopti,14.6667,-4.0,71.64,94,20,9.22,ML,2022-07-20 05:32:20,thunderstorm with rain
81,Chisec,15.8167,-90.2833,70.09,94,62,2.66,GT,2022-07-20 05:35:51,broken clouds
82,Longjiang,47.3303,123.1836,86.31,51,32,5.48,CN,2022-07-20 05:35:51,scattered clouds
83,Gat,31.61,34.7642,87.4,50,0,5.1,IL,2022-07-20 05:31:01,clear sky
84,Cidreira,-30.1811,-50.2056,57.85,92,4,6.62,BR,2022-07-20 05:30:55,clear sky
85,Codrington,-38.2667,141.9667,53.83,62,0,4.56,AU,2022-07-20 05:35:52,clear sky
86,Daru,-9.0763,143.2092,78.24,88,100,12.46,PG,2022-07-20 05:35:53,moderate rain
87,Bluff,-46.6,168.3333,43.81,72,100,10.58,NZ,2022-07-20 05:35:53,overcast clouds
88,Saint-Philippe,-21.3585,55.7679,74.79,70,50,18.32,RE,2022-07-20 05:35:53,scattered clouds
89,Antalaha,-14.9003,50.2788,70.38,84,40,15.26,MG,2022-07-20 05:35:54,moderate rain
90,Nizhniy Tsasuchey,50.5167,115.1333,90.79,27,100,6.98,RU,2022-07-20 05:36:54,overcast clouds
91,Sabya,17.1495,42.6254,92.82,30,100,3.36,SA,2022-07-20 05:36:55,overcast clouds
92,Smidovich,48.6,133.8167,66.97,83,94,9.91,RU,2022-07-20 05:36:55,overcast clouds
93,Ilulissat,69.2167,-51.1,44.62,87,75,1.14,GL,2022-07-20 05:36:55,broken clouds
94,Beringovskiy,63.05,179.3167,46.89,92,79,37.71,RU,2022-07-20 05:36:56,moderate rain
95,Zhangye,38.9342,100.4517,91.81,11,7,8.39,CN,2022-07-20 05:36:56,clear sky
96,Lebu,-37.6167,-73.65,48.4,93,11,5.75,CL,2022-07-20 05:36:57,few clouds
97,Bambous Virieux,-20.3428,57.7575,72.21,73,75,25.32,MU,2022-07-20 05:32:28,light rain
98,Padinska Skela,44.9392,20.4303,82.35,62,0,5.75,RS,2022-07-20 05:36:57,clear sky
99,Hermanus,-34.4187,19.2345,50.74,76,32,6.91,ZA,2022-07-20 05:36:58,scattered clouds
100,Bethel,41.3712,-73.414,78.55,82,0,0.0,US,2022-07-20 05:36:58,clear sky
101,Gudur,14.1333,79.85,94.64,44,95,7.25,IN,2022-07-20 05:36:59,overcast clouds
102,Noumea,-22.2763,166.4572,77.0,99,99,1.43,NC,2022-07-20 05:36:59,overcast clouds
103,Tuktoyaktuk,69.4541,-133.0374,55.4,94,75,2.3,CA,2022-07-20 05:36:59,broken clouds
104,San Antonio,29.4241,-98.4936,85.26,73,0,14.97,US,2022-07-20 05:37:00,clear sky
105,Ginda,30.6945,78.4932,76.51,76,69,4.79,IN,2022-07-20 05:37:00,broken clouds
106,Madaoua,14.073,5.96,78.06,75,20,10.78,NE,2022-07-20 05:37:01,few clouds
107,Mahebourg,-20.4081,57.7,72.25,73,75,25.32,MU,2022-07-20 05:33:39,broken clouds
108,Dikson,73.5069,80.5464,47.08,60,68,18.14,RU,2022-07-20 05:37:01,broken clouds
109,Geraldton,-28.7667,114.6,73.81,43,92,16.11,AU,2022-07-20 05:37:02,overcast clouds
110,Kasongo-Lunda,-6.4667,16.8167,70.56,65,3,0.67,CD,2022-07-20 05:37:02,clear sky
111,Port Alfred,-33.5906,26.891,54.18,97,100,3.0,ZA,2022-07-20 05:37:03,overcast clouds
112,Mount Isa,-20.7333,139.5,78.57,18,0,13.8,AU,2022-07-20 05:37:03,clear sky
113,Nishihara,26.1842,127.7558,92.86,72,40,13.8,JP,2022-07-20 05:37:04,scattered clouds
114,Valencia,39.3333,-0.8333,75.02,54,0,0.67,ES,2022-07-20 05:37:04,clear sky
115,Adeje,28.1227,-16.726,80.87,60,20,4.61,ES,2022-07-20 05:37:04,few clouds
116,Beloha,-25.1667,45.05,70.09,46,0,14.29,MG,2022-07-20 05:37:05,clear sky
117,Ewa Beach,21.3156,-158.0072,80.55,63,0,11.5,US,2022-07-20 05:33:20,clear sky
118,Torbay,47.6666,-52.7314,67.28,96,100,14.97,CA,2022-07-20 05:37:05,mist
119,Rosetown,51.5501,-108.0014,66.18,72,44,1.14,CA,2022-07-20 05:37:06,scattered clouds
120,Laguna,38.421,-121.4238,83.32,38,0,10.36,US,2022-07-20 05:32:16,clear sky
121,Deputatskiy,69.3,139.9,34.12,97,100,3.38,RU,2022-07-20 05:37:06,overcast clouds
122,Necochea,-38.5473,-58.7368,49.44,52,0,16.22,AR,2022-07-20 05:37:06,clear sky
123,Henties Bay,-22.116,14.2845,53.33,90,13,1.83,NA,2022-07-20 05:37:07,few clouds
124,Bandarbeyla,9.4942,50.8122,79.0,54,95,27.94,SO,2022-07-20 05:37:07,overcast clouds
125,Hilo,19.7297,-155.09,76.73,81,0,3.44,US,2022-07-20 05:36:40,clear sky
126,Isangel,-19.55,169.2667,78.22,83,40,9.06,VU,2022-07-20 05:37:08,scattered clouds
127,Granadilla De Abona,28.1188,-16.576,76.75,60,20,4.61,ES,2022-07-20 05:37:08,few clouds
128,Huicungo,-7.2833,-76.8,65.21,99,42,1.92,PE,2022-07-20 05:37:08,scattered clouds
129,Atuona,-9.8,-139.0333,77.47,75,44,12.35,PF,2022-07-20 05:37:09,scattered clouds
130,Khani,41.9563,42.9566,58.57,96,100,1.45,GE,2022-07-20 05:37:09,overcast clouds
131,La Ronge,55.1001,-105.2842,70.05,46,40,9.22,CA,2022-07-20 05:37:10,scattered clouds
132,Gizo,-8.103,156.8419,83.57,68,22,2.84,SB,2022-07-20 05:37:10,few clouds
133,Bathsheba,13.2167,-59.5167,81.21,93,40,12.66,BB,2022-07-20 05:37:11,scattered clouds
134,Toppenish,46.3774,-120.3087,79.9,42,0,4.54,US,2022-07-20 05:37:11,clear sky
135,Manzil Salim,35.8567,8.4765,79.7,32,0,4.76,TN,2022-07-20 05:37:11,clear sky
136,Constitucion,-35.3333,-72.4167,45.84,60,0,6.06,CL,2022-07-20 05:37:12,clear sky
137,Nikolskoye,59.7035,30.7861,61.88,62,22,12.8,RU,2022-07-20 05:37:12,few clouds
138,Omboue,-1.5746,9.2618,72.12,92,100,7.25,GA,2022-07-20 05:38:13,light rain
139,Buzmeyin,38.0507,58.2056,96.53,16,0,6.91,TM,2022-07-20 05:38:13,clear sky
140,Khipro,25.8285,69.3772,94.19,54,80,20.58,PK,2022-07-20 05:38:13,broken clouds
141,Laela,-8.5667,32.05,62.42,61,35,4.63,TZ,2022-07-20 05:38:14,scattered clouds
142,New Norfolk,-42.7826,147.0587,48.92,65,4,1.95,AU,2022-07-20 05:38:14,clear sky
143,Acapulco,16.8634,-99.8901,82.22,69,75,2.3,MX,2022-07-20 05:37:29,broken clouds
144,Yakeshi,49.2833,120.7333,82.87,44,0,2.53,CN,2022-07-20 05:38:14,clear sky
145,Jiexiu,37.0244,111.9125,82.18,43,16,2.77,CN,2022-07-20 05:38:15,few clouds
146,Sai Buri,6.7013,101.6168,89.31,51,57,3.2,TH,2022-07-20 05:38:15,broken clouds
147,Takoradi,4.8845,-1.7554,72.43,78,72,7.61,GH,2022-07-20 05:38:15,broken clouds
148,Port Elizabeth,-33.918,25.5701,53.89,96,20,9.22,ZA,2022-07-20 05:38:16,few clouds
149,George,-33.963,22.4617,47.75,93,20,4.61,ZA,2022-07-20 05:38:16,few clouds
150,Springbok,-29.6643,17.8865,37.85,80,0,4.47,ZA,2022-07-20 05:38:17,clear sky
151,Hervey Bay,-25.2986,152.8535,66.02,70,67,8.99,AU,2022-07-20 05:38:17,broken clouds
152,Pacific Grove,36.6177,-121.9166,59.81,92,100,8.05,US,2022-07-20 05:38:18,overcast clouds
153,Campbell River,50.0163,-125.2446,69.33,80,0,7.56,CA,2022-07-20 05:36:42,clear sky
154,Pangnirtung,66.1451,-65.7125,46.92,91,100,4.23,CA,2022-07-20 05:38:18,moderate rain
155,Fuldatal,51.3833,9.5667,74.59,43,0,4.61,DE,2022-07-20 05:38:18,clear sky
156,Upernavik,72.7868,-56.1549,45.36,78,91,5.66,GL,2022-07-20 05:38:19,overcast clouds
157,San Luis,-33.295,-66.3356,46.87,58,1,8.57,AR,2022-07-20 05:38:19,clear sky
158,Dinguiraye,11.3,-10.7167,67.95,97,100,1.25,GN,2022-07-20 05:38:20,light rain
159,Eyl,7.9803,49.8164,80.02,43,94,28.21,SO,2022-07-20 05:38:20,overcast clouds
160,Lodja,-3.4833,23.4333,73.94,70,28,1.77,CD,2022-07-20 05:38:21,scattered clouds
161,Tahoua,14.8888,5.2692,78.96,72,76,12.46,NE,2022-07-20 05:38:21,broken clouds
162,Barrow,71.2906,-156.7887,42.82,81,100,11.5,US,2022-07-20 05:38:21,overcast clouds
163,Corn Island,12.1694,-83.0418,81.95,80,91,21.47,NI,2022-07-20 05:38:22,overcast clouds
164,Bubaque,11.2833,-15.8333,77.94,86,100,15.82,GW,2022-07-20 05:38:22,moderate rain
165,Vrises,35.492,23.8899,76.19,63,5,12.24,GR,2022-07-20 05:38:22,clear sky
166,Ancud,-41.8697,-73.8203,52.23,96,100,20.02,CL,2022-07-20 05:38:23,light rain
167,Balkanabat,39.5108,54.3671,101.19,15,0,8.66,TM,2022-07-20 05:38:23,clear sky
168,Marzuq,14.4,46.4667,77.18,55,100,3.91,YE,2022-07-20 05:38:24,overcast clouds
169,Puerto Escondido,15.85,-97.0667,79.48,88,29,5.06,MX,2022-07-20 05:38:24,scattered clouds
170,Marawi,7.9986,124.2928,77.79,83,44,4.54,PH,2022-07-20 05:38:24,scattered clouds
171,Vrede,-27.4257,29.1659,50.34,54,91,2.48,ZA,2022-07-20 05:34:15,overcast clouds
172,Ponta Do Sol,32.6667,-17.1,70.43,75,15,5.82,PT,2022-07-20 05:38:25,few clouds
173,Pilar,-9.5972,-35.9567,71.53,93,24,2.37,BR,2022-07-20 05:38:25,few clouds
174,Tieling,42.2931,123.8414,80.56,74,90,4.74,CN,2022-07-20 05:38:26,overcast clouds
175,Kamsack,51.5667,-101.9009,62.15,93,12,7.02,CA,2022-07-20 05:38:26,few clouds
176,Lavrentiya,65.5833,-171.0,42.26,73,96,10.27,RU,2022-07-20 05:38:26,overcast clouds
177,Sao Joao Da Barra,-21.6403,-41.0511,69.21,92,28,6.4,BR,2022-07-20 05:38:27,scattered clouds
178,Kerema,-7.9631,145.7785,79.18,85,100,9.6,PG,2022-07-20 05:38:27,overcast clouds
179,Namibe,-15.1961,12.1522,61.2,87,0,3.47,AO,2022-07-20 05:38:27,clear sky
180,Airai,-8.9266,125.4092,71.74,54,66,2.75,TL,2022-07-20 05:38:28,broken clouds
181,Svay Rieng,11.0879,105.7993,84.94,72,100,14.0,KH,2022-07-20 05:38:28,overcast clouds
182,Agirish,61.9247,63.0231,75.54,37,100,8.84,RU,2022-07-20 05:38:29,overcast clouds
183,Grand Gaube,-20.0064,57.6608,72.37,58,88,14.0,MU,2022-07-20 05:39:29,overcast clouds
184,Brazzaville,-4.2658,15.2832,71.91,88,75,3.44,CG,2022-07-20 05:39:29,broken clouds
185,Sao Filipe,14.8961,-24.4956,77.72,81,71,4.21,CV,2022-07-20 05:39:30,broken clouds
186,Chimore,-16.9833,-65.1333,73.27,72,99,1.59,BO,2022-07-20 05:39:30,overcast clouds
187,Abashiri,44.0213,144.2697,61.09,88,75,10.36,JP,2022-07-20 05:39:31,light intensity shower rain
188,Anadyr,64.75,177.4833,50.49,81,75,8.95,RU,2022-07-20 05:39:31,broken clouds
189,Westport,41.1415,-73.3579,82.38,86,0,3.44,US,2022-07-20 05:38:11,clear sky
190,Spencer,43.1414,-95.1444,74.52,64,0,13.8,US,2022-07-20 05:39:32,clear sky
191,Oxilithos,38.5833,24.1167,74.71,61,0,23.85,GR,2022-07-20 05:39:32,clear sky
192,Lensk,60.7253,114.9278,67.75,77,100,8.14,RU,2022-07-20 05:39:33,overcast clouds
193,Manono,-7.3,27.4167,78.4,35,19,6.91,CD,2022-07-20 05:39:33,few clouds
194,Havre-Saint-Pierre,50.2334,-63.5986,62.96,94,100,10.36,CA,2022-07-20 05:39:33,mist
195,Voyvozh,62.892,54.9635,59.34,96,100,10.74,RU,2022-07-20 05:39:34,moderate rain
196,Biltine,14.5333,20.9167,79.2,67,20,12.59,TD,2022-07-20 05:39:34,few clouds
197,Port Hedland,-20.3167,118.5667,84.25,20,0,13.8,AU,2022-07-20 05:39:35,clear sky
198,Raudeberg,61.9875,5.1352,61.95,89,99,12.64,NO,2022-07-20 05:39:35,overcast clouds
199,Faanui,-16.4833,-151.75,77.95,66,13,7.83,PF,2022-07-20 05:39:36,few clouds
200,Saskylakh,71.9167,114.0833,51.08,47,87,16.2,RU,2022-07-20 05:39:36,overcast clouds
201,Cherskiy,68.75,161.3,45.3,65,95,15.77,RU,2022-07-20 05:39:37,overcast clouds
202,Zvishavane,-20.3267,30.0665,62.38,56,87,1.1,ZW,2022-07-20 05:39:37,overcast clouds
203,Miandrivazo,-19.5167,45.4667,75.97,39,0,9.66,MG,2022-07-20 05:39:37,clear sky
204,Mangai,-4.05,19.5333,72.25,78,5,0.63,CD,2022-07-20 05:39:38,clear sky
205,Hammerfest,70.6634,23.6821,50.45,100,75,6.91,NO,2022-07-20 05:39:38,fog
206,Natal,-5.795,-35.2094,73.62,94,0,9.22,BR,2022-07-20 05:39:39,clear sky
207,Fort Nelson,58.8053,-122.7002,56.79,77,20,4.61,CA,2022-07-20 05:39:39,few clouds
208,Saran,47.9501,1.876,64.81,93,100,3.44,FR,2022-07-20 05:39:40,overcast clouds
209,Wajima,37.4,136.9,81.28,78,75,9.22,JP,2022-07-20 05:39:40,broken clouds
210,Nuuk,64.1835,-51.7216,52.41,76,100,1.14,GL,2022-07-20 05:39:40,overcast clouds
211,Xinzhou,38.4092,112.7333,85.3,35,31,1.14,CN,2022-07-20 05:39:41,scattered clouds
212,Nouadhibou,20.931,-17.0347,67.98,100,75,17.27,MR,2022-07-20 05:39:41,mist
213,Batagay,67.6333,134.6333,51.84,64,100,6.42,RU,2022-07-20 05:39:41,overcast clouds
214,Verkhoyansk,67.5447,133.385,51.44,63,100,9.64,RU,2022-07-20 05:39:42,overcast clouds
215,Saldanha,-33.0117,17.9442,39.25,80,7,9.44,ZA,2022-07-20 05:39:42,clear sky
216,Arys,42.4252,68.795,103.17,9,0,16.96,KZ,2022-07-20 05:39:43,clear sky
217,Dalsingh Sarai,25.6667,85.8333,92.44,57,94,11.43,IN,2022-07-20 05:39:43,overcast clouds
218,Kyzyl-Suu,42.3414,78.0056,68.79,45,1,7.0,KG,2022-07-20 05:39:43,clear sky
219,Rawlins,41.7911,-107.2387,71.49,35,0,14.97,US,2022-07-20 05:37:49,clear sky
220,Concordia,-31.393,-58.0209,47.79,96,0,5.95,AR,2022-07-20 05:39:44,clear sky
221,Sakakah,29.9697,40.2064,94.57,11,2,5.48,SA,2022-07-20 05:39:44,clear sky
222,Saint-Paul,-21.0096,55.2707,75.31,53,4,5.39,RE,2022-07-20 05:39:45,clear sky
223,Svetlogorsk,52.6333,29.7333,66.56,75,50,11.18,BY,2022-07-20 05:39:45,scattered clouds
224,Sawtell,-30.3833,153.1,60.82,67,40,10.36,AU,2022-07-20 05:39:45,scattered clouds
225,Dawei,14.0833,98.2,82.87,81,97,6.13,MM,2022-07-20 05:39:46,light rain
226,Xining,36.6167,101.7667,72.81,38,0,5.14,CN,2022-07-20 05:35:44,clear sky
227,Presidencia Roque Saenz Pena,-26.7852,-60.4388,60.71,83,58,4.34,AR,2022-07-20 05:39:46,broken clouds
228,Amahai,-3.3333,128.9167,82.29,73,73,4.68,ID,2022-07-20 05:39:47,broken clouds
229,Itacarambi,-15.1022,-44.0919,63.66,76,44,2.53,BR,2022-07-20 05:39:47,scattered clouds
230,Goure,13.9835,10.2704,77.02,61,2,13.62,NE,2022-07-20 05:39:48,clear sky
231,Apple Valley,34.5008,-117.1859,83.43,29,62,7.63,US,2022-07-20 05:40:48,broken clouds
232,Sur,22.5667,59.5289,88.88,69,34,7.47,OM,2022-07-20 05:40:48,scattered clouds
233,Shimoda,34.6667,138.95,90.1,70,68,7.76,JP,2022-07-20 05:40:49,broken clouds
234,Lompoc,34.6391,-120.4579,56.59,96,100,3.44,US,2022-07-20 05:40:49,fog
235,Freeport,40.6576,-73.5832,84.18,63,0,14.97,US,2022-07-20 05:40:49,clear sky
236,Leningradskiy,69.3833,178.4167,33.17,98,100,20.62,RU,2022-07-20 05:40:50,snow
237,Nemuro,43.3236,145.575,58.66,93,100,12.82,JP,2022-07-20 05:40:50,light rain
238,Jieshi,22.8134,115.8257,86.77,73,32,9.6,CN,2022-07-20 05:40:50,scattered clouds
239,Marystown,47.1666,-55.1483,63.86,100,100,1.01,CA,2022-07-20 05:40:51,overcast clouds
240,Say,13.1007,2.3689,76.37,81,16,7.54,NE,2022-07-20 05:40:51,few clouds
241,Dingle,10.9995,122.6711,88.18,67,35,6.87,PH,2022-07-20 05:40:51,moderate rain
242,Cienfuegos,22.1461,-80.4356,77.14,94,2,5.75,CU,2022-07-20 05:40:52,clear sky
243,Moose Factory,51.2585,-80.6094,57.2,88,0,9.22,CA,2022-07-20 05:40:52,fog
244,Miyako,39.6367,141.9525,70.12,94,92,7.67,JP,2022-07-20 05:40:53,overcast clouds
245,Saint George,37.1041,-113.5841,94.62,27,0,6.91,US,2022-07-20 05:40:53,clear sky
246,Meadow Lake,34.8014,-106.5436,87.78,25,78,2.82,US,2022-07-20 05:40:54,broken clouds
247,Tahta,26.7693,31.5021,90.09,23,0,8.72,EG,2022-07-20 05:40:54,clear sky
248,Cairns,-16.9167,145.7667,76.95,69,75,13.8,AU,2022-07-20 05:40:54,broken clouds
249,Singkawang,0.9,109.0,90.37,56,39,9.15,ID,2022-07-20 05:40:55,scattered clouds
250,Shitanjing,39.2342,106.3439,81.01,29,0,6.73,CN,2022-07-20 05:40:55,clear sky
251,Cooma,-36.2333,149.1333,47.98,55,19,4.0,AU,2022-07-20 05:40:56,few clouds
252,Mayahi,13.9553,7.6712,78.17,68,4,12.08,NE,2022-07-20 05:40:56,light rain
253,Fortuna,40.5982,-124.1573,55.35,88,40,1.01,US,2022-07-20 05:40:57,scattered clouds
254,Turinsk,58.0458,63.696,67.24,91,98,6.24,RU,2022-07-20 05:40:57,light rain
255,Namatanai,-3.6667,152.4333,81.27,76,100,4.45,PG,2022-07-20 05:40:58,light rain
256,Barra Do Corda,-5.5,-45.25,71.29,60,34,3.31,BR,2022-07-20 05:40:58,scattered clouds
257,Sa Kaeo,13.75,102.3333,88.86,64,99,9.22,TH,2022-07-20 05:40:58,overcast clouds
258,Souillac,-20.5167,57.5167,68.38,73,75,25.32,MU,2022-07-20 05:40:59,light rain
259,Mirabad,30.4362,61.8383,101.16,11,7,25.21,AF,2022-07-20 05:40:59,clear sky
260,Aksha,50.2814,113.2867,87.53,30,96,9.13,RU,2022-07-20 05:40:59,overcast clouds
261,Boyolangu,-8.1181,111.8935,82.31,67,19,7.43,ID,2022-07-20 05:41:00,few clouds
262,Camacha,33.0833,-16.3333,67.42,73,40,11.5,PT,2022-07-20 05:41:00,scattered clouds
263,Puerto Castilla,16.0167,-85.9667,81.77,77,100,15.46,HN,2022-07-20 05:41:01,overcast clouds
264,Prabumulih,-3.45,104.25,92.07,48,49,4.16,ID,2022-07-20 05:41:01,light rain
265,Nelson Bay,-32.7167,152.15,62.1,70,87,5.01,AU,2022-07-20 05:41:02,overcast clouds
266,Touros,-5.1989,-35.4608,71.11,90,3,14.09,BR,2022-07-20 05:41:02,clear sky
267,Stiuca,45.5714,21.9767,77.34,31,1,1.36,RO,2022-07-20 05:41:03,clear sky
268,Mattru,7.6244,-11.8332,71.85,92,100,2.64,SL,2022-07-20 05:41:03,overcast clouds
269,Gerash,27.6652,54.1371,93.34,32,11,2.26,IR,2022-07-20 05:41:03,few clouds
270,Ciudad Bolivar,8.1222,-63.5497,75.0,93,100,2.64,VE,2022-07-20 05:41:04,overcast clouds
271,Hit,33.6416,42.8251,103.71,9,0,13.13,IQ,2022-07-20 05:41:04,clear sky
272,Coihaique,-45.5752,-72.0662,40.95,87,100,4.61,CL,2022-07-20 05:41:05,moderate rain
273,Thaba-Tseka,-29.522,28.6084,41.04,67,97,3.47,LS,2022-07-20 05:41:05,overcast clouds
274,Petropavlovsk-Kamchatskiy,53.0452,158.6483,59.59,77,0,15.66,RU,2022-07-20 05:41:06,clear sky
275,Prince Rupert,54.3161,-130.3201,56.89,89,0,10.36,CA,2022-07-20 05:41:06,clear sky
276,Ballitoville,-29.539,31.2144,63.25,66,20,3.44,ZA,2022-07-20 05:41:06,few clouds
277,Vokhma,58.9303,46.7586,62.22,67,99,9.82,RU,2022-07-20 05:42:07,overcast clouds
278,Veraval,20.9,70.3667,82.94,81,96,18.23,IN,2022-07-20 05:37:14,overcast clouds
279,Pochutla,15.7432,-96.4661,78.82,87,53,3.83,MX,2022-07-20 05:42:07,broken clouds
280,Muskego,42.9058,-88.139,79.63,79,100,10.36,US,2022-07-20 05:42:08,overcast clouds
281,Norman Wells,65.282,-126.8329,66.24,52,40,2.3,CA,2022-07-20 05:42:08,scattered clouds
282,Kichera,55.9375,110.0997,66.33,72,36,9.86,RU,2022-07-20 05:42:08,scattered clouds
283,Vostok,46.4856,135.8833,71.38,83,89,2.71,RU,2022-07-20 05:42:09,overcast clouds
284,Puerto Narino,-3.7703,-70.3831,71.46,97,91,1.05,CO,2022-07-20 05:42:09,overcast clouds
285,Beira,-19.8436,34.8389,68.09,100,100,4.61,MZ,2022-07-20 05:42:10,fog
286,Sabha,27.0377,14.4283,78.8,37,1,12.82,LY,2022-07-20 05:42:10,clear sky
287,San Quintin,30.4833,-115.95,68.32,84,35,5.97,MX,2022-07-20 05:42:10,scattered clouds
288,Cap Malheureux,-19.9842,57.6142,72.46,58,78,14.0,MU,2022-07-20 05:42:11,broken clouds
289,Quatre Cocos,-20.2078,57.7625,72.09,66,80,23.42,MU,2022-07-20 05:42:11,light rain
290,Kedrovyy,56.1667,91.8167,66.87,73,100,9.08,RU,2022-07-20 05:42:12,light rain
291,Pangoa,-12.1167,-73.0,66.69,98,83,2.35,PE,2022-07-20 05:42:12,broken clouds
292,Lasa,46.6166,10.7002,67.08,81,78,1.1,IT,2022-07-20 05:42:13,broken clouds
293,Myitkyina,25.3833,97.4,75.88,100,100,1.39,MM,2022-07-20 05:42:13,overcast clouds
294,Pathein,16.7833,94.7333,89.73,62,87,12.88,MM,2022-07-20 05:42:13,overcast clouds
295,Ingham,42.6,-84.3833,75.38,82,40,8.05,US,2022-07-20 05:42:14,scattered clouds
296,Banes,20.9625,-75.7186,79.09,76,16,11.48,CU,2022-07-20 05:42:14,few clouds
297,Sena Madureira,-9.0656,-68.6569,71.26,74,50,1.7,BR,2022-07-20 05:42:15,scattered clouds
298,Okhotsk,59.3833,143.3,62.62,81,39,9.4,RU,2022-07-20 05:42:15,scattered clouds
299,Zhigansk,66.7697,123.3711,58.71,51,51,15.35,RU,2022-07-20 05:42:16,broken clouds
300,Broome,42.2506,-75.833,73.18,90,54,3.6,US,2022-07-20 05:42:16,broken clouds
301,Sao Jose Da Coroa Grande,-8.8978,-35.1478,73.33,83,4,7.83,BR,2022-07-20 05:42:16,clear sky
302,Swift Current,50.2834,-107.8014,63.41,88,0,9.22,CA,2022-07-20 05:42:17,clear sky
303,Mecca,21.4267,39.8261,91.65,36,89,9.28,SA,2022-07-20 05:42:07,overcast clouds
304,Cabo San Lucas,22.8909,-109.9124,85.6,72,65,4.0,MX,2022-07-20 05:40:22,broken clouds
305,Inhambane,-23.865,35.3833,62.58,94,20,0.0,MZ,2022-07-20 05:42:17,few clouds
306,Saravan,39.7196,45.6483,79.65,29,6,6.73,AM,2022-07-20 05:42:18,clear sky
307,Iskateley,67.6803,53.1512,72.01,50,11,17.45,RU,2022-07-20 05:42:18,few clouds
308,Kaeo,-35.1,173.7833,58.32,86,72,11.21,NZ,2022-07-20 05:42:18,broken clouds
309,Maragogi,-9.0122,-35.2225,73.02,84,3,7.45,BR,2022-07-20 05:42:19,clear sky
310,Srednekolymsk,67.45,153.6833,57.56,40,96,6.33,RU,2022-07-20 05:42:19,overcast clouds
311,Iqaluit,63.7506,-68.5145,38.93,93,100,8.05,CA,2022-07-20 05:42:19,light rain
312,Kollam,8.8833,76.6,81.05,79,100,12.91,IN,2022-07-20 05:42:20,light rain
313,Leshukonskoye,64.8989,45.7622,77.4,40,17,12.82,RU,2022-07-20 05:42:20,few clouds
314,Tefe,-3.3542,-64.7114,73.56,87,47,1.97,BR,2022-07-20 05:42:21,scattered clouds
315,Hirara,24.8,125.2833,91.67,70,40,16.11,JP,2022-07-20 05:42:21,scattered clouds
316,Aasiaat,68.7098,-52.8699,38.52,95,100,7.87,GL,2022-07-20 05:42:22,overcast clouds
317,Dakar,14.6937,-17.4441,81.48,84,98,10.29,SN,2022-07-20 05:42:22,overcast clouds
318,Naze,28.3667,129.4833,85.12,77,97,17.18,JP,2022-07-20 05:42:22,overcast clouds
319,Vanimo,-2.6741,141.3028,81.39,81,93,4.94,PG,2022-07-20 05:42:23,overcast clouds
320,Mosetse,-20.75,26.65,57.09,76,69,12.41,BW,2022-07-20 05:42:23,broken clouds
321,Guerrero Negro,27.9769,-114.0611,70.59,75,19,7.29,MX,2022-07-20 05:42:24,few clouds
322,Jiwani,25.05,61.7417,85.39,80,89,8.46,PK,2022-07-20 05:43:24,overcast clouds
323,Grindavik,63.8424,-22.4338,49.95,93,0,8.05,IS,2022-07-20 05:43:25,clear sky
324,Miracatu,-24.2814,-47.4597,63.41,98,100,2.06,BR,2022-07-20 05:43:25,overcast clouds
325,Alice Springs,-23.7,133.8833,69.35,23,0,12.66,AU,2022-07-20 05:43:26,clear sky
326,Grafton,42.207,-71.6856,75.45,83,0,9.22,US,2022-07-20 05:43:26,clear sky
327,Plettenberg Bay,-34.0527,23.3716,53.83,84,100,4.07,ZA,2022-07-20 05:43:27,light rain
328,Lagoa,39.05,-27.9833,70.68,89,14,10.22,PT,2022-07-20 05:43:27,few clouds
329,Peterborough,52.5736,-0.2478,68.34,88,20,10.36,GB,2022-07-20 05:43:27,few clouds
330,San Vicente,-26.6167,-54.1333,57.43,99,27,2.71,AR,2022-07-20 05:43:28,scattered clouds
331,Penzance,50.1186,-5.5371,65.08,92,68,17.63,GB,2022-07-20 05:43:28,broken clouds
332,Siloam Springs,36.1881,-94.5405,85.68,53,0,4.61,US,2022-07-20 05:43:28,clear sky
333,Victoria,22.2855,114.1577,92.97,78,72,18.01,HK,2022-07-20 05:38:57,broken clouds
334,San Rafael,-34.6177,-68.3301,47.28,35,0,5.99,AR,2022-07-20 05:43:29,clear sky
335,Bilibino,68.0546,166.4372,52.75,56,84,7.87,RU,2022-07-20 05:43:29,broken clouds
336,Afua,-0.1567,-50.3867,73.94,95,80,4.43,BR,2022-07-20 05:43:30,broken clouds
337,Talnakh,69.4865,88.3972,57.97,53,91,4.18,RU,2022-07-20 05:43:30,overcast clouds
338,Ajaccio,42.0,8.9167,77.05,50,0,8.05,FR,2022-07-20 05:42:48,clear sky
339,Kodinar,20.7903,70.7031,83.23,79,92,17.98,IN,2022-07-20 05:43:31,overcast clouds
340,Tororo,0.693,34.1809,66.45,81,99,3.11,UG,2022-07-20 05:43:31,overcast clouds
341,Vila Velha,-20.3297,-40.2925,66.94,95,0,2.3,BR,2022-07-20 05:40:27,clear sky
342,Baishishan,43.5833,127.5667,80.55,61,88,5.1,CN,2022-07-20 05:43:32,overcast clouds
343,Asau,46.4333,26.4,70.29,43,30,0.78,RO,2022-07-20 05:40:15,scattered clouds
344,Howard Springs,-12.497,131.047,89.98,45,11,2.37,AU,2022-07-20 05:43:32,few clouds
345,Vanavara,60.34,102.2797,68.38,51,99,6.42,RU,2022-07-20 05:43:33,overcast clouds
346,Nhulunbuy,-12.2333,136.7667,79.41,65,40,13.8,AU,2022-07-20 05:43:33,scattered clouds
347,Flinders,-34.5833,150.8552,57.18,86,57,8.99,AU,2022-07-20 05:43:33,light rain
348,Dalvik,65.9702,-18.5286,49.93,96,100,6.93,IS,2022-07-20 05:43:34,overcast clouds
349,Parati,-23.2178,-44.7131,69.04,91,77,1.83,BR,2022-07-20 05:39:59,broken clouds
350,Mao,39.8885,4.2658,75.76,94,0,2.3,ES,2022-07-20 05:43:35,fog
351,Conde,-7.2597,-34.9075,71.06,94,0,6.91,BR,2022-07-20 05:43:36,clear sky
352,Newport,51.5877,-2.9984,68.07,81,87,6.76,GB,2022-07-20 05:43:36,overcast clouds
353,Pedasi,7.5333,-80.0333,78.06,84,100,5.17,PA,2022-07-20 05:43:37,overcast clouds
354,Sigli,5.3848,95.9609,88.38,51,52,7.43,ID,2022-07-20 05:43:37,broken clouds
355,Charters Towers,-20.1,146.2667,71.65,53,30,11.12,AU,2022-07-20 05:43:37,scattered clouds
356,Palmer,42.1584,-72.3287,75.61,85,0,0.0,US,2022-07-20 05:38:47,clear sky
357,Yantzaza,-3.8278,-78.7594,63.7,99,80,0.67,EC,2022-07-20 05:43:38,broken clouds
358,Manokwari,-0.8667,134.0833,76.87,84,100,3.02,ID,2022-07-20 05:43:38,overcast clouds
359,Shumskiy,54.8318,99.1328,70.41,42,81,6.49,RU,2022-07-20 05:43:39,broken clouds
360,Comodoro Rivadavia,-45.8667,-67.5,49.86,53,0,29.93,AR,2022-07-20 05:43:39,clear sky
361,Vardo,70.3705,31.1107,55.38,94,100,16.11,NO,2022-07-20 05:43:39,overcast clouds
362,San Jeronimo,-11.9472,-75.2829,41.07,83,20,2.37,PE,2022-07-20 05:43:40,few clouds
363,Black River,18.0264,-77.8487,78.13,82,3,2.24,JM,2022-07-20 05:43:40,clear sky
364,Suhbaatar,50.2314,106.2078,64.26,58,100,4.41,MN,2022-07-20 05:43:40,overcast clouds
365,Alzamay,55.5562,98.6644,71.89,44,96,7.36,RU,2022-07-20 05:43:41,overcast clouds
366,Hasaki,35.7333,140.8333,93.6,71,82,11.21,JP,2022-07-20 05:43:42,broken clouds
367,Gondanglegi,-7.7479,112.0132,87.1,56,8,3.24,ID,2022-07-20 05:43:42,clear sky
368,Horki,54.2861,30.9842,61.92,86,85,15.7,BY,2022-07-20 05:44:42,overcast clouds
369,Constantine,36.365,6.6147,72.81,49,0,4.61,DZ,2022-07-20 05:44:43,clear sky
370,Sangar,63.9242,127.4739,78.35,51,100,4.14,RU,2022-07-20 05:44:44,overcast clouds
371,Taksimo,56.3444,114.8794,83.55,46,41,2.39,RU,2022-07-20 05:44:45,light rain
372,Liku,-0.7275,119.8922,86.36,62,60,3.78,ID,2022-07-20 05:44:45,broken clouds
373,Haines Junction,60.7522,-137.5108,55.35,58,100,8.05,CA,2022-07-20 05:44:45,overcast clouds
374,Poya,-21.35,165.15,75.25,88,98,5.17,NC,2022-07-20 05:44:46,overcast clouds
375,General Roca,-39.0333,-67.5833,46.62,35,18,11.65,AR,2022-07-20 05:44:46,few clouds
376,Chistoye,56.5375,43.0045,61.7,69,91,8.7,RU,2022-07-20 05:44:47,overcast clouds
377,Santiago Del Estero,-27.7951,-64.2615,51.64,69,13,5.73,AR,2022-07-20 05:44:47,few clouds
378,Tongliao,43.6125,122.2653,83.34,55,98,6.24,CN,2022-07-20 05:43:51,overcast clouds
379,Chibuto,-24.6867,33.5306,67.39,80,1,6.26,MZ,2022-07-20 05:44:48,clear sky
380,Ahvaz,31.3203,48.6693,96.75,67,0,6.91,IR,2022-07-20 05:42:02,haze
381,Haukipudas,65.1765,25.3523,66.15,81,27,11.39,FI,2022-07-20 05:44:48,scattered clouds
382,Kushima,31.4583,131.2333,83.03,71,77,12.97,JP,2022-07-20 05:44:49,broken clouds
383,Viedma,-40.8135,-62.9967,55.33,29,54,21.99,AR,2022-07-20 05:44:49,broken clouds
384,Clyde River,70.4692,-68.5914,34.03,100,100,3.44,CA,2022-07-20 05:44:15,overcast clouds
385,Rovaniemi,66.5,25.7167,62.01,77,0,6.91,FI,2022-07-20 05:44:50,clear sky
386,Baruun-Urt,46.6806,113.2792,86.81,23,60,2.35,MN,2022-07-20 05:44:50,broken clouds
387,Las Palmas,28.4204,-14.0131,72.39,64,20,13.8,ES,2022-07-20 05:44:51,few clouds
388,Medea,36.2642,2.7539,75.65,31,0,0.38,DZ,2022-07-20 05:44:51,clear sky
389,Valdivia,-39.8142,-73.2459,51.75,98,100,8.23,CL,2022-07-20 05:44:51,light rain
390,Brigantine,39.4101,-74.3646,80.01,82,0,6.91,US,2022-07-20 05:43:43,clear sky
391,Qiongshan,20.0058,110.3542,89.58,70,75,8.95,CN,2022-07-20 05:44:52,broken clouds
392,Aboso,5.3617,-1.9473,66.88,87,20,2.66,GH,2022-07-20 05:44:52,few clouds
393,Mumbwa,-14.9783,27.0619,62.4,62,17,9.46,ZM,2022-07-20 05:44:53,few clouds
394,Casablanca,33.5928,-7.6192,70.02,80,0,7.14,MA,2022-07-20 05:44:53,clear sky
395,Tyler,32.3513,-95.3011,89.65,56,0,13.8,US,2022-07-20 05:44:54,clear sky
396,Vao,-22.6667,167.4833,73.83,90,69,10.4,NC,2022-07-20 05:44:54,broken clouds
397,Lorengau,-2.0226,147.2712,83.48,71,97,7.16,PG,2022-07-20 05:44:54,overcast clouds
398,Margate,51.3813,1.3862,66.87,83,91,5.01,GB,2022-07-20 05:44:55,overcast clouds
399,Launceston,-41.45,147.1667,54.16,62,100,9.22,AU,2022-07-20 05:44:55,overcast clouds
400,Filadelfia,39.9523,-75.1638,80.85,79,0,10.36,US,2022-07-20 05:40:38,clear sky
401,Borodino,55.9106,94.8983,68.23,61,40,12.24,RU,2022-07-20 05:44:56,light rain
402,Luderitz,-26.6481,15.1594,54.21,67,0,15.19,NA,2022-07-20 05:44:56,clear sky
403,Paka,4.6374,103.4368,78.73,94,40,0.0,MY,2022-07-20 05:40:28,heavy intensity rain
404,Sistranda,63.7256,8.834,58.96,87,100,18.66,NO,2022-07-20 05:44:57,overcast clouds
405,Imeni Poliny Osipenko,52.4201,136.4853,60.51,88,100,7.14,RU,2022-07-20 05:44:57,overcast clouds
406,Tiarei,-17.5333,-149.3333,75.22,67,1,3.98,PF,2022-07-20 05:44:58,clear sky
407,Akhtanizovskaya,45.32,37.1,75.67,46,0,9.08,RU,2022-07-20 05:44:58,clear sky
408,Narasannapeta,18.4167,84.05,90.55,63,86,11.61,IN,2022-07-20 05:44:58,overcast clouds
409,Santa Ana,33.7456,-117.8678,83.44,70,40,6.91,US,2022-07-20 05:43:22,scattered clouds
410,Dunedin,-45.8742,170.5036,48.79,91,100,3.0,NZ,2022-07-20 05:44:59,overcast clouds
411,Pont-Audemer,49.35,0.5167,68.34,86,79,7.67,FR,2022-07-20 05:44:59,broken clouds
412,Nova Granada,-20.5339,-49.3142,68.25,48,8,5.61,BR,2022-07-20 05:45:00,clear sky
413,Evensk,61.95,159.2333,59.34,86,100,3.91,RU,2022-07-20 05:45:00,overcast clouds
414,Laguna De Perlas,12.3429,-83.6712,78.31,89,90,12.01,NI,2022-07-20 05:45:01,overcast clouds
415,Rio Grande,-32.035,-52.0986,45.95,89,0,7.7,BR,2022-07-20 05:41:16,clear sky
416,Pedernales,18.0384,-71.744,79.63,69,3,5.59,DO,2022-07-20 05:46:01,clear sky
417,Savannah Bight,16.45,-85.85,82.58,77,100,16.82,HN,2022-07-20 05:46:02,overcast clouds
418,Devils Lake,48.1128,-98.8651,68.11,88,0,16.11,US,2022-07-20 05:46:02,clear sky
419,Tabas,33.5959,56.9244,96.57,11,0,6.93,IR,2022-07-20 05:46:03,clear sky
420,Yangjiang,21.85,111.9667,86.85,73,71,11.21,CN,2022-07-20 05:41:19,broken clouds
421,Hofn,64.2539,-15.2082,49.95,80,100,11.7,IS,2022-07-20 05:46:04,overcast clouds
422,Aleksandrov Gay,50.147,48.5704,75.49,33,0,10.13,RU,2022-07-20 05:46:04,clear sky
423,Saint-Remi,45.2668,-73.6159,73.35,93,62,0.0,CA,2022-07-20 05:46:04,broken clouds
424,Katsuura,35.1333,140.3,82.29,76,77,7.34,JP,2022-07-20 05:46:05,broken clouds
425,Tezu,27.9167,96.1667,81.86,95,98,2.62,IN,2022-07-20 05:46:06,moderate rain
426,Mirnyy,62.5353,113.9611,59.23,76,100,8.99,RU,2022-07-20 05:46:06,overcast clouds
427,Norfolk,42.1668,-71.2495,78.08,80,0,4.61,US,2022-07-20 05:45:03,clear sky
428,Fukue,32.6881,128.8419,84.56,89,75,6.91,JP,2022-07-20 05:46:07,broken clouds
429,Chapais,49.7834,-74.8492,55.18,90,10,4.5,CA,2022-07-20 05:46:07,clear sky
430,Manturovo,58.3353,44.7619,58.82,75,100,8.84,RU,2022-07-20 05:46:08,overcast clouds
431,Puerto El Triunfo,13.2833,-88.55,77.92,88,78,4.99,SV,2022-07-20 05:46:08,broken clouds
432,Kerouane,9.2667,-9.0167,68.74,97,100,3.98,GN,2022-07-20 05:46:08,overcast clouds
433,Itarema,-2.9248,-39.9167,76.05,89,17,13.35,BR,2022-07-20 05:45:23,few clouds
434,Kodinsk,58.6881,99.1844,65.16,68,94,7.81,RU,2022-07-20 05:46:09,light rain
435,Monrovia,6.3005,-10.7969,75.38,79,100,9.15,LR,2022-07-20 05:45:05,overcast clouds
436,Doha,25.2867,51.5333,103.98,48,49,6.91,QA,2022-07-20 05:44:49,haze
437,Ahuimanu,21.4447,-157.8378,80.31,74,75,11.5,US,2022-07-20 05:46:10,light rain
438,Vaitape,-16.5167,-151.75,76.62,74,33,6.51,PF,2022-07-20 05:46:10,light rain
439,Singaraja,-8.112,115.0882,83.97,64,20,3.78,ID,2022-07-20 05:46:10,few clouds
440,Rio Gallegos,-51.6226,-69.2181,33.85,80,0,27.63,AR,2022-07-20 05:41:32,clear sky
441,Port Macquarie,-31.4333,152.9167,59.9,82,40,9.22,AU,2022-07-20 05:41:23,scattered clouds
442,Little Current,45.9793,-81.9248,71.65,97,88,7.31,CA,2022-07-20 05:45:01,overcast clouds
443,Panaba,21.2833,-88.2667,74.08,93,15,6.82,MX,2022-07-20 05:46:11,few clouds
444,Moron,-34.6534,-58.6198,53.35,94,4,5.77,AR,2022-07-20 05:46:12,clear sky
445,Teahupoo,-17.8333,-149.2667,69.76,70,4,5.59,PF,2022-07-20 05:46:12,clear sky
446,Port Lincoln,-34.7333,135.8667,51.93,56,33,9.75,AU,2022-07-20 05:46:13,scattered clouds
447,Kavaje,41.1856,19.5569,71.76,38,0,1.99,AL,2022-07-20 05:46:13,clear sky
448,Vidim,56.4088,103.1106,67.37,62,90,7.81,RU,2022-07-20 05:46:13,light rain
449,Amilly,47.9728,2.7719,65.88,92,100,8.01,FR,2022-07-20 05:46:14,light rain
450,Faya,18.3851,42.4509,73.92,34,98,9.71,SA,2022-07-20 05:46:15,overcast clouds
451,Nuristan,35.3,70.8333,65.3,30,0,5.3,AF,2022-07-20 05:46:15,clear sky
452,Sola,-13.8833,167.55,80.78,78,68,15.97,VU,2022-07-20 05:46:16,broken clouds
453,Khorinsk,52.1657,109.7726,74.16,52,95,13.78,RU,2022-07-20 05:46:16,overcast clouds
454,Dabakala,8.3667,-4.4333,69.4,90,100,6.11,CI,2022-07-20 05:46:17,overcast clouds
455,Kuzhener,56.8111,48.9128,60.42,74,91,11.63,RU,2022-07-20 05:46:17,overcast clouds
456,Gomel,52.4345,30.9754,68.85,73,0,13.42,BY,2022-07-20 05:46:18,clear sky
457,Kavieng,-2.5744,150.7967,83.25,72,100,6.82,PG,2022-07-20 05:44:56,light rain
458,North Bend,43.4065,-124.2243,58.91,96,100,10.36,US,2022-07-20 05:42:57,overcast clouds
459,Bulawayo,-20.15,28.5833,60.21,47,73,4.43,ZW,2022-07-20 05:46:19,broken clouds
460,Kasaragod,12.5,75.0,83.88,73,80,10.36,IN,2022-07-20 05:47:19,broken clouds
461,Ketchikan,55.3422,-131.6461,59.47,77,100,4.61,US,2022-07-20 05:47:20,overcast clouds
462,Wonthaggi,-38.6044,145.5913,53.82,62,18,6.53,AU,2022-07-20 05:47:21,few clouds
463,Mandan,46.8267,-100.8896,69.78,78,100,9.22,US,2022-07-20 05:43:11,overcast clouds
464,Ribeira Grande,38.5167,-28.7,71.35,89,18,4.03,PT,2022-07-20 05:47:21,few clouds
465,Jiujiang,29.7333,115.9833,93.36,62,100,5.99,CN,2022-07-20 05:47:21,light rain
466,Campanha,-21.8361,-45.4006,59.25,71,43,3.62,BR,2022-07-20 05:47:22,scattered clouds
467,Stornoway,58.2093,-6.3865,55.92,89,75,4.0,GB,2022-07-20 05:45:21,broken clouds
468,Kulhudhuffushi,6.6221,73.07,80.1,79,100,18.84,MV,2022-07-20 05:47:22,overcast clouds
469,Sorland,67.667,12.6934,53.46,84,94,17.9,NO,2022-07-20 05:47:23,overcast clouds
470,Kigoma,-4.8769,29.6267,74.77,48,28,14.38,TZ,2022-07-20 05:47:23,scattered clouds
471,Gairatganj,23.4202,78.2385,78.55,86,100,11.27,IN,2022-07-20 05:47:24,overcast clouds
472,Cayenne,4.9333,-52.3333,75.24,1,0,1.14,GF,2022-07-20 05:47:24,clear sky
473,Bayan,46.0833,127.4,82.0,62,36,4.07,CN,2022-07-20 05:47:24,scattered clouds
474,Maxixe,-23.8597,35.3472,62.42,94,20,0.0,MZ,2022-07-20 05:47:25,few clouds
475,Jalu,29.0331,21.5482,77.13,55,0,12.73,LY,2022-07-20 05:47:25,clear sky
476,Abu Dhabi,24.4667,54.3667,95.11,53,0,14.97,AE,2022-07-20 05:47:25,clear sky
477,Koutsouras,35.0339,25.9469,77.11,55,0,13.0,GR,2022-07-20 05:47:26,clear sky
478,Kununurra,-15.7667,128.7333,91.38,25,7,8.05,AU,2022-07-20 05:47:26,clear sky
479,Rincon,32.296,-81.2354,75.85,94,0,9.22,US,2022-07-20 05:47:27,clear sky
480,Klyuchi,52.2667,79.1667,76.71,36,86,4.94,RU,2022-07-20 05:47:27,overcast clouds
481,Rio Negrinho,-26.2544,-49.5183,53.94,96,100,2.55,BR,2022-07-20 05:45:14,overcast clouds
482,Ojinaga,29.5667,-104.4167,94.41,24,0,9.22,MX,2022-07-20 05:47:28,clear sky
483,Pontes E Lacerda,-15.2261,-59.3353,65.68,52,3,3.04,BR,2022-07-20 05:47:08,clear sky
484,Zaysan,47.4667,84.8667,74.8,27,18,18.39,KZ,2022-07-20 05:47:29,few clouds
485,Belmonte,-15.8631,-38.8828,71.71,87,68,8.61,BR,2022-07-20 05:46:38,broken clouds
486,Mocuba,-16.8392,36.9856,68.54,77,0,3.2,MZ,2022-07-20 05:47:29,clear sky
487,Ust-Ishim,57.6935,71.1665,69.96,64,100,4.05,RU,2022-07-20 05:47:29,overcast clouds
488,Linxia,35.6003,103.2064,80.6,33,0,4.56,CN,2022-07-20 05:47:30,clear sky
489,Ahipara,-35.1667,173.1667,54.18,83,67,15.03,NZ,2022-07-20 05:47:30,broken clouds
490,Boende,-0.2167,20.8667,72.27,94,94,1.59,CD,2022-07-20 05:47:31,overcast clouds
491,Cravo Norte,6.3017,-70.2041,70.63,95,100,1.54,CO,2022-07-20 05:47:31,overcast clouds
492,Bereda,43.2686,-7.5406,62.42,100,74,0.74,ES,2022-07-20 05:47:32,broken clouds
493,Vila Franca Do Campo,37.7167,-25.4333,73.2,89,87,5.01,PT,2022-07-20 05:47:32,overcast clouds
494,Port Shepstone,-30.7414,30.455,64.27,64,0,15.7,ZA,2022-07-20 05:47:32,clear sky
495,Yerbogachen,61.2767,108.0108,68.72,67,85,8.61,RU,2022-07-20 05:47:33,overcast clouds
496,Arivonimamo,-19.0167,47.1833,53.65,53,65,17.45,MG,2022-07-20 05:47:33,broken clouds
497,Meulaboh,4.1363,96.1285,85.1,63,76,5.77,ID,2022-07-20 05:47:34,broken clouds
498,Truckee,39.328,-120.1833,72.97,58,0,0.0,US,2022-07-20 05:47:34,clear sky
499,Qaqortoq,60.7167,-46.0333,45.57,99,100,2.48,GL,2022-07-20 05:47:34,overcast clouds
500,Liverpool,53.4106,-2.9779,64.62,83,40,18.41,GB,2022-07-20 05:45:35,scattered clouds
501,Amapa,1.0,-52.0,70.86,97,98,1.5,BR,2022-07-20 05:47:35,overcast clouds
502,Beidao,34.5686,105.8933,87.42,33,0,0.96,CN,2022-07-20 05:47:35,clear sky
503,Dhidhdhoo,6.8833,73.1,79.3,79,100,19.75,MV,2022-07-20 05:47:36,overcast clouds
504,Sobolevo,54.4299,31.8996,61.43,92,82,13.76,RU,2022-07-20 05:47:36,broken clouds
505,Marsh Harbour,26.5412,-77.0636,81.36,83,11,9.71,BS,2022-07-20 05:47:36,few clouds
506,Hamilton,39.1834,-84.5333,76.57,86,0,6.91,US,2022-07-20 05:45:35,mist
507,Hounde,11.5,-3.5167,71.19,95,95,9.22,BF,2022-07-20 05:47:37,light rain
508,Yar-Sale,66.8333,70.8333,62.24,56,99,12.88,RU,2022-07-20 05:48:37,overcast clouds
509,Kearney,40.6995,-99.0815,72.16,81,0,3.44,US,2022-07-20 05:43:59,clear sky
510,Kathu,7.9178,98.3332,85.69,99,93,15.3,TH,2022-07-20 05:48:38,moderate rain
511,Hobyo,5.3505,48.5268,79.52,63,99,24.02,SO,2022-07-20 05:48:38,overcast clouds
512,Atar,20.5169,-13.0499,79.88,53,2,6.6,MR,2022-07-20 05:45:46,clear sky
513,Valera,9.3178,-70.6036,72.36,81,93,5.12,VE,2022-07-20 05:48:39,overcast clouds
514,Lucapa,-8.4192,20.7447,68.68,36,44,2.68,AO,2022-07-20 05:44:18,scattered clouds
515,Shenjiamen,29.9576,122.298,81.82,83,94,15.82,CN,2022-07-20 05:48:39,overcast clouds
516,Kashin,57.3592,37.6081,64.92,80,63,7.85,RU,2022-07-20 05:48:39,broken clouds
517,Roma,43.2128,-75.4557,75.09,94,100,3.0,US,2022-07-20 05:48:40,overcast clouds
518,Port Hardy,50.6996,-127.4199,55.58,82,20,5.75,CA,2022-07-20 05:48:15,few clouds
519,Aklavik,68.2191,-135.0107,62.06,67,85,5.59,CA,2022-07-20 05:48:40,overcast clouds
520,Esperance,-33.8667,121.9,65.86,57,96,14.65,AU,2022-07-20 05:48:41,overcast clouds
521,Jacareacanga,-6.2222,-57.7528,70.61,65,33,2.08,BR,2022-07-20 05:48:41,scattered clouds
522,Jiuquan,39.7432,98.5174,86.99,17,69,5.5,CN,2022-07-20 05:48:41,broken clouds
523,Sarakhs,36.5449,61.1577,93.34,24,0,0.0,IR,2022-07-20 05:48:42,clear sky
524,Gerede,40.8008,32.1969,56.16,79,74,4.16,TR,2022-07-20 05:48:42,broken clouds
525,Tagusao,9.1924,117.8141,85.37,69,49,4.38,PH,2022-07-20 05:48:42,scattered clouds
526,Seoul,37.5683,126.9778,88.99,58,75,9.22,KR,2022-07-20 05:47:38,broken clouds
527,San Lorenzo,-25.3333,-57.5333,62.04,93,17,3.89,PY,2022-07-20 05:48:43,few clouds
528,Hualmay,-11.0964,-77.6139,60.73,85,58,6.13,PE,2022-07-20 05:48:43,broken clouds
529,Severo-Kurilsk,50.6789,156.125,51.48,97,98,16.2,RU,2022-07-20 05:46:38,light rain
530,Nanakuli,21.3906,-158.1547,80.55,58,0,10.36,US,2022-07-20 05:48:44,clear sky
531,Civitavecchia,42.0933,11.7967,83.46,64,0,5.41,IT,2022-07-20 05:48:44,clear sky
532,Bloomingdale,27.8936,-82.2404,82.9,94,0,0.0,US,2022-07-20 05:48:44,clear sky
533,Lodwar,3.1191,35.5973,77.36,54,79,14.12,KE,2022-07-20 05:48:45,broken clouds
534,Kon Tum,14.35,108.0,78.33,84,100,2.24,VN,2022-07-20 05:48:45,light rain
535,Namwala,-15.7504,26.4384,61.02,63,26,7.52,ZM,2022-07-20 05:48:46,scattered clouds
536,Tres Arroyos,-38.3739,-60.2798,48.92,55,11,20.09,AR,2022-07-20 05:48:46,few clouds
537,Saraland,30.8207,-88.0706,83.3,84,56,6.58,US,2022-07-20 05:48:46,broken clouds
538,Thai Nguyen,21.5928,105.8442,83.98,63,100,8.86,VN,2022-07-20 05:48:47,overcast clouds
539,Xuddur,4.1213,43.8894,74.57,58,65,22.26,SO,2022-07-20 05:48:47,broken clouds
540,Kuvshinovo,57.0295,34.1725,57.72,86,99,8.93,RU,2022-07-20 05:48:48,light rain
541,Kalmunai,7.4167,81.8167,89.04,56,98,6.33,LK,2022-07-20 05:43:52,overcast clouds
542,Namikupa,-10.8333,39.6,70.9,71,5,3.96,TZ,2022-07-20 05:48:48,clear sky
543,Lufilufi,-13.8745,-171.5986,78.58,77,14,21.09,WS,2022-07-20 05:48:49,few clouds
544,Sattahip,12.6664,100.9007,87.89,66,40,11.5,TH,2022-07-20 05:48:49,scattered clouds
545,Polewali,-3.4324,119.3435,87.6,64,80,4.47,ID,2022-07-20 05:48:49,broken clouds
546,Stromness,58.965,-3.296,55.87,85,100,5.01,GB,2022-07-20 05:48:50,overcast clouds
547,Gorom-Gorom,14.4439,-0.2361,78.04,75,69,12.68,BF,2022-07-20 05:48:50,broken clouds
548,Mana,5.6592,-53.7767,75.18,90,91,7.47,GF,2022-07-20 05:48:51,overcast clouds
549,Severnyy,50.677,36.5532,64.44,77,40,6.71,RU,2022-07-20 05:48:52,scattered clouds
550,Sibolga,1.7427,98.7792,85.15,67,96,5.97,ID,2022-07-20 05:48:52,light rain
551,Piacabucu,-10.4056,-36.4344,71.65,88,12,5.01,BR,2022-07-20 05:48:52,few clouds
552,Kaitangata,-46.2817,169.8464,43.48,79,99,4.38,NZ,2022-07-20 05:48:53,overcast clouds
553,Kavaratti,10.5669,72.642,81.21,80,100,20.49,IN,2022-07-20 05:48:53,moderate rain
554,Boa Vista,2.8197,-60.6733,80.58,78,75,2.3,BR,2022-07-20 05:48:53,broken clouds
555,Jerez,14.1,-89.75,67.59,97,81,2.95,GT,2022-07-20 05:48:54,broken clouds
556,Poum,-20.2333,164.0167,76.75,83,70,8.84,NC,2022-07-20 05:48:54,light rain
557,Vestmannaeyjar,63.4427,-20.2734,49.78,84,72,17.45,IS,2022-07-20 05:47:53,broken clouds
558,Storsteinnes,69.2408,19.2344,60.39,66,42,3.87,NO,2022-07-20 05:49:55,scattered clouds
559,Santa Isabel,-23.3156,-46.2214,63.7,95,98,2.26,BR,2022-07-20 05:46:24,overcast clouds
560,Vozrozhdeniye,44.5503,38.2136,76.19,44,27,6.35,RU,2022-07-20 05:49:55,scattered clouds
561,Napanee,44.2501,-76.9494,76.91,75,44,6.93,CA,2022-07-20 05:47:48,scattered clouds
562,Escarcega,18.6089,-90.7454,75.88,77,39,3.2,MX,2022-07-20 05:49:56,scattered clouds
563,Karpathos,35.507,27.2132,73.36,83,20,34.52,GR,2022-07-20 05:49:56,few clouds
564,Egvekinot,66.3167,-179.1667,40.75,81,98,4.68,RU,2022-07-20 05:49:56,light rain
565,Cavalcante,-13.7975,-47.4583,62.29,56,53,4.12,BR,2022-07-20 05:49:57,broken clouds
566,Vodnyy,63.5046,53.4095,73.04,50,77,11.86,RU,2022-07-20 05:49:57,broken clouds
567,Hokitika,-42.7167,170.9667,48.63,84,89,7.02,NZ,2022-07-20 05:49:57,overcast clouds
568,Dwarka,22.2394,68.9678,83.82,80,97,19.86,IN,2022-07-20 05:49:58,overcast clouds
569,Kamenka,51.3223,42.7678,68.49,55,20,12.57,RU,2022-07-20 05:49:58,few clouds
570,Tabriz,38.08,46.2919,85.46,20,0,24.16,IR,2022-07-20 05:45:23,clear sky
571,Kerugoya,-0.4989,37.2803,57.45,86,100,2.59,KE,2022-07-20 05:49:59,overcast clouds
572,Azul,-36.777,-59.8585,43.34,72,34,9.37,AR,2022-07-20 05:49:59,scattered clouds
573,Beroroha,-21.6667,45.1667,72.48,39,0,13.91,MG,2022-07-20 05:49:59,clear sky
574,Santiago,-33.4569,-70.6483,57.99,52,0,3.44,CL,2022-07-20 05:46:00,clear sky
575,Calama,-22.4667,-68.9333,52.29,19,93,17.27,CL,2022-07-20 05:45:34,overcast clouds
576,Yumen,40.2833,97.2,83.79,19,54,11.52,CN,2022-07-20 05:50:00,broken clouds
577,Acajutla,13.5928,-89.8275,79.39,81,94,4.61,SV,2022-07-20 05:50:00,overcast clouds
578,Oksbol,55.6268,8.2876,72.91,61,7,14.94,DK,2022-07-20 05:50:01,clear sky
579,Port-Gentil,-0.7193,8.7815,75.16,83,100,9.22,GA,2022-07-20 05:50:01,overcast clouds
580,Domoni,-12.2569,44.5319,77.18,66,57,9.35,KM,2022-07-20 05:50:01,light rain
581,Baglan,36.1307,68.7083,101.21,9,0,7.54,AF,2022-07-20 05:50:02,clear sky
582,Homer,59.6425,-151.5483,51.76,92,100,3.44,US,2022-07-20 05:50:02,light rain
583,Erdaojiang,41.7764,126.0319,77.9,74,96,3.44,CN,2022-07-20 05:50:03,overcast clouds
584,Entre Rios,-11.9419,-38.0844,67.71,93,59,2.91,BR,2022-07-20 05:50:03,broken clouds
585,Makakilo City,21.3469,-158.0858,79.12,63,0,11.5,US,2022-07-20 05:50:04,clear sky
586,Half Moon Bay,37.4636,-122.4286,62.91,86,100,18.41,US,2022-07-20 05:45:35,mist
587,Hailar,49.2,119.7,83.84,34,0,1.68,CN,2022-07-20 05:50:04,clear sky
588,Burnie,-41.0667,145.9167,49.75,62,3,0.76,AU,2022-07-20 05:47:49,clear sky
589,Chitral,35.8462,71.7858,91.35,22,0,3.76,PK,2022-07-20 05:50:05,clear sky
590,Coari,-4.085,-63.1414,74.68,81,23,2.46,BR,2022-07-20 05:50:05,few clouds
591,Taoudenni,22.6783,-3.9836,89.85,24,52,4.99,ML,2022-07-20 05:50:06,broken clouds
592,Emilio Carranza,19.9711,-96.6114,79.61,81,39,8.25,MX,2022-07-20 05:50:06,scattered clouds
593,Kropotkin,45.4375,40.5756,75.47,49,11,7.7,RU,2022-07-20 05:45:29,few clouds
594,Acarau,-2.8856,-40.12,75.99,89,27,12.77,BR,2022-07-20 05:50:07,scattered clouds
595,Xixiang,35.1628,112.865,86.4,50,71,2.8,CN,2022-07-20 05:50:07,broken clouds
596,Mhlume,-26.0333,31.85,62.44,69,1,4.7,SZ,2022-07-20 05:50:07,clear sky
597,Brae,60.3964,-1.353,54.91,92,100,11.36,GB,2022-07-20 05:50:08,overcast clouds
598,Zeya,53.75,127.2667,80.58,48,92,5.26,RU,2022-07-20 05:50:08,overcast clouds
599,Lhokseumawe,5.1801,97.1507,88.54,61,75,9.98,ID,2022-07-20 05:50:09,broken clouds
600,Tiznit,29.5833,-9.5,82.18,32,62,0.74,MA,2022-07-20 05:50:09,broken clouds
601,Sabla,12.7525,4.7077,75.09,84,33,6.4,NG,2022-07-20 05:50:09,scattered clouds
602,Kahului,20.8947,-156.47,78.82,61,40,21.85,US,2022-07-20 05:51:10,scattered clouds
603,Portland,45.5234,-122.6762,78.75,65,0,6.91,US,2022-07-20 05:51:10,clear sky
604,Araouane,18.9048,-3.5265,88.65,41,94,14.88,ML,2022-07-20 05:51:11,overcast clouds
605,Padang,-0.9492,100.3543,87.85,70,100,5.35,ID,2022-07-20 05:51:11,overcast clouds
606,Lebedinyy,58.5167,125.5167,73.44,49,54,1.92,RU,2022-07-20 05:51:11,broken clouds
607,Raahe,64.6833,24.4833,64.49,79,88,10.49,FI,2022-07-20 05:51:12,overcast clouds
608,Elat,29.5581,34.9482,84.04,54,0,10.36,IL,2022-07-20 05:51:12,clear sky
609,Yenagoa,4.9247,6.2642,72.19,87,43,3.56,NG,2022-07-20 05:51:12,scattered clouds
610,Kiunga,-6.1219,141.2906,80.46,90,89,2.24,PG,2022-07-20 05:51:13,overcast clouds
611,Nampula,-15.1165,39.2666,68.4,75,5,3.2,MZ,2022-07-20 05:51:13,clear sky
612,Guerande,47.3291,-2.4283,65.62,86,28,10.47,FR,2022-07-20 05:51:14,scattered clouds
613,Matara,5.9485,80.5353,84.45,73,100,14.76,LK,2022-07-20 05:51:14,overcast clouds
614,Baykit,61.67,96.37,63.05,82,87,5.68,RU,2022-07-20 05:51:14,light rain
615,Nazarovo,56.0064,90.3914,65.8,74,95,10.96,RU,2022-07-20 05:51:15,light rain
616,Langfang,39.5097,116.6947,92.62,32,3,11.43,CN,2022-07-20 05:51:15,clear sky
617,Ola,59.5833,151.2833,77.14,86,70,7.49,RU,2022-07-20 05:51:15,broken clouds
618,Tarasovskiy,48.7292,40.3636,74.86,36,25,4.85,RU,2022-07-20 05:51:16,scattered clouds
619,Rothenbach,47.6167,9.9833,70.95,55,81,1.99,DE,2022-07-20 05:51:16,broken clouds
620,Mahajanga,-15.7167,46.3167,71.62,56,0,8.05,MG,2022-07-20 05:51:17,clear sky
621,Fort-Shevchenko,44.5086,50.263,80.15,54,73,26.84,KZ,2022-07-20 05:51:17,broken clouds
622,Kutum,14.2,24.6667,75.18,62,90,6.04,SD,2022-07-20 05:51:17,overcast clouds
623,Zemio,5.0314,25.1361,68.25,97,98,0.56,CF,2022-07-20 05:51:18,overcast clouds
624,Praia Da Vitoria,38.7333,-27.0667,71.76,94,75,7.18,PT,2022-07-20 05:51:18,broken clouds
625,Ucluelet,48.9329,-125.5528,58.08,88,27,3.15,CA,2022-07-20 05:51:18,scattered clouds
626,Hambantota,6.1241,81.1185,88.14,70,40,4.61,LK,2022-07-20 05:51:19,scattered clouds
627,Kedougou,12.5579,-12.1743,73.11,95,100,4.7,SN,2022-07-20 05:51:19,overcast clouds
628,Isiro,2.7739,27.616,69.19,93,94,1.95,CD,2022-07-20 05:51:19,overcast clouds
629,Sabzevar,36.2126,57.6819,88.88,17,0,16.11,IR,2022-07-20 05:51:20,clear sky
630,Lipari,38.4674,14.954,86.11,68,0,3.44,IT,2022-07-20 05:51:20,clear sky
631,Santa Marta,11.2408,-74.199,80.65,78,75,2.3,CO,2022-07-20 05:51:21,broken clouds
632,Tecpatan,17.1333,-93.3,70.2,91,100,2.17,MX,2022-07-20 05:51:21,overcast clouds
633,Mountain Home,43.133,-115.6912,80.08,18,0,0.0,US,2022-07-20 05:51:21,clear sky
634,San Matias,-16.3667,-58.4,67.17,39,30,0.76,BO,2022-07-20 05:51:22,scattered clouds
635,Lesosibirsk,58.2358,92.4828,67.14,59,100,8.63,RU,2022-07-20 05:51:22,light rain
636,Walvis Bay,-22.9575,14.5053,54.09,87,0,3.44,NA,2022-07-20 05:51:22,clear sky
637,Pemba,-12.974,40.5178,72.3,83,40,5.01,MZ,2022-07-20 05:51:23,scattered clouds
638,Dayong,25.0209,118.2898,94.48,56,65,9.28,CN,2022-07-20 05:51:23,broken clouds
639,Pozo Colorado,-23.4923,-58.7972,61.88,97,47,4.52,PY,2022-07-20 05:51:24,scattered clouds
640,Avera,33.194,-82.5271,73.45,91,51,5.79,US,2022-07-20 05:48:46,broken clouds
641,Guanhaes,-18.775,-42.9325,54.0,96,0,0.34,BR,2022-07-20 05:51:24,clear sky
642,Merauke,-8.4667,140.3333,79.32,80,100,14.25,ID,2022-07-20 05:51:24,overcast clouds
643,Soyo,-6.1349,12.3689,70.39,89,68,5.88,AO,2022-07-20 05:51:25,broken clouds
644,Fort Walton Beach,30.4058,-86.6188,86.02,78,20,11.01,US,2022-07-20 05:51:25,few clouds
645,Tilichiki,60.4667,166.1,57.85,70,100,14.18,RU,2022-07-20 05:51:26,overcast clouds
646,Gohad,26.4261,78.4447,102.09,39,85,10.98,IN,2022-07-20 05:51:26,overcast clouds
647,Biloela,-24.4167,150.5,65.34,69,57,14.47,AU,2022-07-20 05:52:26,broken clouds
648,Marfino,55.7028,37.3822,59.16,87,75,6.71,RU,2022-07-20 05:52:27,thunderstorm with light rain
649,Honiara,-9.4333,159.95,82.76,74,22,3.02,SB,2022-07-20 05:52:27,few clouds
650,Pimentel,-6.8367,-79.9342,61.83,88,73,8.63,PE,2022-07-20 05:52:27,broken clouds
651,Mayo,38.8876,-76.5119,79.21,88,0,1.01,US,2022-07-20 05:52:28,clear sky
652,Japura,-0.3167,102.35,88.14,63,99,3.71,ID,2022-07-20 05:52:28,moderate rain
653,Rocha,-34.4833,-54.3333,40.32,94,3,6.35,UY,2022-07-20 05:52:28,clear sky
654,Wattegama,6.7989,81.4808,95.5,41,99,3.33,LK,2022-07-20 05:52:29,overcast clouds
655,Thinadhoo,0.5333,72.9333,81.32,68,91,1.3,MV,2022-07-20 05:52:29,overcast clouds
656,Nsanje,-16.92,35.262,70.39,72,0,3.91,MW,2022-07-20 05:52:29,clear sky
657,Ostrovnoy,68.0531,39.5131,53.19,87,100,8.93,RU,2022-07-20 05:52:30,overcast clouds
658,Boke,10.9409,-14.2967,73.2,99,100,2.8,GN,2022-07-20 05:52:30,light rain
659,Xiaoweizhai,26.1903,107.5125,83.25,70,100,9.1,CN,2022-07-20 05:52:31,overcast clouds
660,Taybad,34.74,60.7756,91.76,14,0,29.21,IR,2022-07-20 05:52:31,clear sky
661,Jijiga,9.35,42.8,60.04,82,100,11.63,ET,2022-07-20 05:52:31,light rain
662,Fernley,39.608,-119.2518,78.75,22,42,6.76,US,2022-07-20 05:52:32,scattered clouds
663,Bairiki,1.3292,172.9752,82.4,83,75,10.36,KI,2022-07-20 05:52:32,moderate rain
664,Port Blair,11.6667,92.75,82.44,83,75,11.5,IN,2022-07-20 05:52:33,broken clouds
665,Oktyabrskiy,54.4815,53.471,66.29,62,66,10.02,RU,2022-07-20 05:52:33,broken clouds
666,Saint-Joseph,-21.3667,55.6167,73.78,64,21,17.63,RE,2022-07-20 05:52:33,few clouds
667,Mumford,5.2618,-0.759,73.27,80,82,9.82,GH,2022-07-20 05:52:34,broken clouds
668,Wanning,18.8003,110.3967,86.94,70,85,8.12,CN,2022-07-20 05:52:34,overcast clouds
669,Kommunar,59.6206,30.39,61.52,65,33,15.14,RU,2022-07-20 05:52:34,scattered clouds
670,Bosaso,11.2842,49.1816,91.38,38,75,28.77,SO,2022-07-20 05:52:35,broken clouds
671,Sikeston,36.8767,-89.5879,82.44,89,0,5.75,US,2022-07-20 05:52:35,clear sky
672,Chenzhou,25.8,113.0333,96.1,49,67,7.63,CN,2022-07-20 05:52:35,broken clouds
673,Erzin,36.9559,36.2,85.06,53,0,5.14,TR,2022-07-20 05:52:36,clear sky
674,Zhezkazgan,47.8043,67.7144,93.18,16,40,13.42,KZ,2022-07-20 05:52:36,scattered clouds
675,Wanaka,-44.7,169.15,43.11,89,100,1.01,NZ,2022-07-20 05:52:36,overcast clouds
676,Olafsvik,64.8945,-23.7142,50.74,81,66,9.55,IS,2022-07-20 05:52:37,broken clouds
677,Maceio,-9.6658,-35.7353,72.84,88,75,3.44,BR,2022-07-20 05:49:56,broken clouds
678,Pierre,44.3683,-100.351,73.27,69,0,10.36,US,2022-07-20 05:50:40,clear sky
679,Yulara,-25.2406,130.9889,71.28,21,1,11.77,AU,2022-07-20 05:47:38,clear sky
680,Ascension,30.2169,-90.9001,82.62,87,0,0.0,US,2022-07-20 05:52:38,clear sky
681,Puerto Leguizamo,-0.1934,-74.7819,70.5,99,99,2.15,CO,2022-07-20 05:52:38,overcast clouds
682,Montrose,38.4166,-108.2673,67.57,48,55,1.68,US,2022-07-20 05:52:00,broken clouds
683,Rawson,-43.3002,-65.1023,50.52,66,95,16.55,AR,2022-07-20 05:52:39,overcast clouds
684,Emerald,-23.5333,148.1667,69.35,48,92,12.39,AU,2022-07-20 05:52:40,overcast clouds
685,Toora-Khem,52.4675,96.11,66.81,40,55,1.57,RU,2022-07-20 05:52:40,broken clouds
686,Muros,42.7762,-9.0603,64.09,91,94,5.28,ES,2022-07-20 05:47:44,overcast clouds
687,Kamaishi,39.2667,141.8833,74.26,88,86,9.78,JP,2022-07-20 05:52:41,overcast clouds
688,Cockburn Town,21.4612,-71.1419,81.39,78,1,20.22,TC,2022-07-20 05:52:41,clear sky
689,Kloulklubed,7.0419,134.2556,81.1,72,96,1.95,PW,2022-07-20 05:52:41,overcast clouds
690,Saint Anthony,45.0205,-93.218,75.92,60,20,17.27,US,2022-07-20 05:52:42,few clouds
691,Korla,41.7597,86.1469,81.88,28,29,5.59,CN,2022-07-20 05:52:42,scattered clouds
692,Khandyga,62.6667,135.6,81.41,49,97,4.5,RU,2022-07-20 05:52:42,overcast clouds
693,Waki,34.0667,134.15,91.22,43,99,6.33,JP,2022-07-20 05:52:43,overcast clouds
694,Gravdal,68.1214,13.5031,54.81,80,100,14.47,NO,2022-07-20 05:52:43,overcast clouds
695,Chute-Aux-Outardes,49.1168,-68.399,60.78,82,0,8.05,CA,2022-07-20 05:52:44,clear sky
696,Coahuayana,18.7333,-103.6833,78.39,93,72,0.92,MX,2022-07-20 05:52:44,broken clouds
697,Maracacume,-2.0428,-45.9592,70.36,98,74,1.3,BR,2022-07-20 05:53:44,broken clouds
698,Mizque,-17.941,-65.3402,52.59,86,10,2.51,BO,2022-07-20 05:53:45,clear sky
699,Karratha,-20.7377,116.8463,78.87,31,0,15.5,AU,2022-07-20 05:50:36,clear sky
700,Paita,-5.0892,-81.1144,62.2,86,59,9.98,PE,2022-07-20 05:49:01,broken clouds
701,Abha,18.2164,42.5053,73.65,35,75,11.5,SA,2022-07-20 05:53:45,broken clouds
702,Carutapera,-1.195,-46.02,74.3,93,99,2.04,BR,2022-07-20 05:53:46,overcast clouds
703,Khorixas,-20.3667,14.9667,54.21,48,0,3.53,NA,2022-07-20 05:53:46,clear sky
704,Sambava,-14.2667,50.1667,71.2,83,23,14.94,MG,2022-07-20 05:53:47,moderate rain
705,Tawagan,7.845,123.4753,84.81,77,66,5.44,PH,2022-07-20 05:53:47,broken clouds
706,Rizhao,35.4275,119.4553,72.01,93,100,16.26,CN,2022-07-20 05:53:47,moderate rain
707,Maloy,61.9353,5.1136,58.73,89,99,9.64,NO,2022-07-20 05:53:48,light rain
708,Letnyaya Stavka,45.4306,43.4472,65.53,86,100,2.77,RU,2022-07-20 05:53:48,overcast clouds
709,Inongo,-1.95,18.2667,67.33,93,53,5.12,CD,2022-07-20 05:53:48,broken clouds
710,Ballina,-28.8667,153.5667,60.01,73,99,14.65,AU,2022-07-20 05:53:49,overcast clouds
711,Upington,-28.4478,21.2561,48.58,76,0,5.75,ZA,2022-07-20 05:53:49,clear sky
712,Lagunillas,10.1301,-71.2595,78.98,85,70,4.47,VE,2022-07-20 05:53:49,broken clouds
713,Tsiroanomandidy,-18.7667,46.0333,67.12,48,12,12.3,MG,2022-07-20 05:53:50,few clouds
714,Wagar,16.1525,36.2032,86.4,52,71,17.16,SD,2022-07-20 05:53:50,broken clouds
715,Polyarnyy,69.1989,33.4478,54.32,87,100,10.89,RU,2022-07-20 05:51:45,overcast clouds
716,Hay River,60.8156,-115.7999,62.58,72,68,14.97,CA,2022-07-20 05:51:39,broken clouds
717,Zainsk,55.3195,52.0694,65.39,81,64,11.27,RU,2022-07-20 05:53:51,light rain
